recordId,surveyId,district,enumeratorId,surveyDate,age,gender,education,employmentStatus,householdSize,weeklyHours,monthlyIncome,_plantedAnomaly,_plantedFlags
HIST_00000,PLFS_2026,Chennai,E101,2025-12-01,43,Female,Secondary,Employed,3,50,23482,False,
HIST_00001,PLFS_2026,Chennai,E102,2025-07-01,35,Female,Below Primary,Employed,3,57,13841,False,
HIST_00002,PLFS_2026,Madurai,E104,2025-05-01,32,Male,Post Graduate,Employed,4,41,34460,False,
HIST_00003,PLFS_2026,Trichy,E107,2024-08-01,40,Female,Post Graduate,Employed,1,31,33726,False,
HIST_00004,PLFS_2026,Chennai,E103,2025-11-01,25,Female,Higher Secondary,Employed,4,37,15785,False,
HIST_00005,PLFS_2026,Madurai,E106,2024-04-01,55,Male,Graduate,Employed,3,45,20021,False,
HIST_00006,PLFS_2026,Salem,E105,2024-02-01,31,Female,Post Graduate,Employed,4,35,40855,False,
HIST_00007,PLFS_2026,Coimbatore,E102,2025-06-01,30,Female,Post Graduate,Self-Employed,3,40,52077,False,
HIST_00008,PLFS_2026,Salem,E104,2025-11-01,37,Male,Below Primary,Unemployed,2,0,0,False,
HIST_00009,PLFS_2026,Salem,E102,2024-08-01,40,Male,Graduate,Employed,1,34,29102,False,
HIST_00010,PLFS_2026,Salem,E103,2024-12-01,46,Female,Secondary,Unemployed,4,0,0,False,
HIST_00011,PLFS_2026,Chennai,E103,2025-06-01,20,Male,Secondary,Employed,3,41,21805,False,
HIST_00012,PLFS_2026,Salem,E104,2025-10-01,42,Female,Below Primary,Employed,1,47,11075,False,
HIST_00013,PLFS_2026,Chennai,E106,2025-01-01,29,Female,Below Primary,Employed,4,53,14235,False,
HIST_00014,PLFS_2026,Trichy,E106,2024-07-01,27,Female,Graduate,Self-Employed,3,47,33463,False,
HIST_00015,PLFS_2026,Coimbatore,E103,2024-09-01,32,Male,Secondary,Unemployed,3,0,0,False,
HIST_00016,PLFS_2026,Trichy,E105,2025-12-01,47,Female,Post Graduate,Employed,5,44,45626,False,
HIST_00017,PLFS_2026,Madurai,E103,2025-05-01,42,Female,Below Primary,Self-Employed,3,47,15691,False,
HIST_00018,PLFS_2026,Chennai,E103,2025-09-01,37,Male,Graduate,Employed,6,24,32602,False,
HIST_00019,PLFS_2026,Coimbatore,E107,2025-08-01,39,Female,Post Graduate,Employed,3,45,22894,False,
HIST_00020,PLFS_2026,Trichy,E101,2025-10-01,35,Male,Post Graduate,Self-Employed,4,56,34061,False,
HIST_00021,PLFS_2026,Salem,E102,2024-10-01,28,Female,Secondary,Employed,3,52,19183,False,
HIST_00022,PLFS_2026,Salem,E103,2025-05-01,31,Male,Higher Secondary,Self-Employed,4,45,26262,False,
HIST_00023,PLFS_2026,Trichy,E104,2024-05-01,29,Female,Secondary,Employed,3,41,12731,False,
HIST_00024,PLFS_2026,Trichy,E101,2025-08-01,41,Female,Graduate,Employed,4,45,26686,False,
HIST_00025,PLFS_2026,Salem,E105,2024-08-01,21,Male,Secondary,Self-Employed,3,42,15111,False,
HIST_00026,PLFS_2026,Chennai,E102,2025-12-01,36,Female,Below Primary,Self-Employed,4,60,12418,False,
HIST_00027,PLFS_2026,Trichy,E103,2024-05-01,41,Female,Post Graduate,Employed,3,29,37798,False,
HIST_00028,PLFS_2026,Trichy,E107,2024-07-01,38,Male,Higher Secondary,Employed,7,43,23326,False,
HIST_00029,PLFS_2026,Salem,E108,2025-05-01,37,Female,Below Primary,Employed,2,54,13804,False,
HIST_00030,PLFS_2026,Chennai,E106,2024-01-01,47,Male,Post Graduate,Employed,2,56,27345,False,
HIST_00031,PLFS_2026,Chennai,E101,2024-08-01,45,Male,Below Primary,Self-Employed,6,37,10640,False,
HIST_00032,PLFS_2026,Chennai,E104,2024-09-01,39,Female,Secondary,Employed,3,32,18246,False,
HIST_00033,PLFS_2026,Trichy,E108,2024-08-01,25,Female,Graduate,Employed,4,37,36679,False,
HIST_00034,PLFS_2026,Chennai,E107,2024-12-01,28,Female,Graduate,Employed,3,51,21107,False,
HIST_00035,PLFS_2026,Chennai,E102,2024-02-01,40,Female,Higher Secondary,Self-Employed,5,32,22812,False,
HIST_00036,PLFS_2026,Chennai,E104,2024-07-01,41,Male,Post Graduate,Employed,5,35,27964,False,
HIST_00037,PLFS_2026,Coimbatore,E103,2024-09-01,44,Female,Secondary,Self-Employed,4,47,19247,False,
HIST_00038,PLFS_2026,Chennai,E108,2025-06-01,29,Male,Below Primary,Unemployed,4,0,0,False,
HIST_00039,PLFS_2026,Trichy,E101,2024-03-01,60,Male,Secondary,Employed,4,35,20363,False,
HIST_00040,PLFS_2026,Coimbatore,E104,2025-01-01,26,Male,Secondary,Employed,5,54,15045,False,
HIST_00041,PLFS_2026,Coimbatore,E105,2025-03-01,49,Female,Graduate,Unemployed,4,0,0,False,
HIST_00042,PLFS_2026,Trichy,E108,2024-05-01,35,Male,Higher Secondary,Employed,3,37,18410,False,
HIST_00043,PLFS_2026,Chennai,E101,2025-12-01,37,Female,Below Primary,Employed,4,47,13985,False,
HIST_00044,PLFS_2026,Coimbatore,E103,2024-02-01,38,Male,Secondary,Employed,5,42,27792,False,
HIST_00045,PLFS_2026,Chennai,E104,2025-01-01,45,Male,Post Graduate,Employed,2,36,41666,False,
HIST_00046,PLFS_2026,Trichy,E101,2025-08-01,35,Male,Graduate,Unemployed,4,0,0,False,
HIST_00047,PLFS_2026,Trichy,E106,2024-09-01,27,Male,Higher Secondary,Employed,2,41,25768,False,
HIST_00048,PLFS_2026,Coimbatore,E103,2025-10-01,40,Female,Graduate,Employed,2,46,30157,False,
HIST_00049,PLFS_2026,Chennai,E101,2025-03-01,27,Male,Below Primary,Employed,4,45,9256,False,
HIST_00050,PLFS_2026,Trichy,E105,2024-05-01,42,Female,Below Primary,Self-Employed,4,53,14529,False,
HIST_00051,PLFS_2026,Salem,E105,2024-06-01,21,Female,Post Graduate,Unemployed,2,0,0,False,
HIST_00052,PLFS_2026,Trichy,E101,2025-10-01,44,Female,Below Primary,Self-Employed,9,49,14725,False,
HIST_00053,PLFS_2026,Madurai,E105,2024-04-01,49,Male,Post Graduate,Employed,4,42,43768,False,
HIST_00054,PLFS_2026,Salem,E104,2025-11-01,28,Female,Secondary,Unemployed,3,0,0,False,
HIST_00055,PLFS_2026,Salem,E108,2024-09-01,65,Male,Below Primary,Unemployed,1,0,0,False,
HIST_00056,PLFS_2026,Salem,E101,2024-01-01,32,Female,Secondary,Unemployed,5,0,0,False,
HIST_00057,PLFS_2026,Salem,E103,2025-12-01,29,Female,Post Graduate,Unemployed,4,0,0,False,
HIST_00058,PLFS_2026,Trichy,E101,2024-04-01,38,Male,Secondary,Employed,3,62,20282,False,
HIST_00059,PLFS_2026,Salem,E103,2025-02-01,18,Male,Below Primary,Employed,4,39,14045,False,
HIST_00060,PLFS_2026,Chennai,E106,2024-07-01,28,Male,Below Primary,Employed,3,49,14077,False,
HIST_00061,PLFS_2026,Trichy,E107,2025-08-01,23,Male,Secondary,Self-Employed,3,41,15648,False,
HIST_00062,PLFS_2026,Madurai,E107,2024-01-01,59,Male,Higher Secondary,Self-Employed,4,34,26038,False,
HIST_00063,PLFS_2026,Coimbatore,E104,2024-09-01,63,Male,Below Primary,Employed,5,32,10837,False,
HIST_00064,PLFS_2026,Chennai,E108,2024-08-01,53,Male,Graduate,Employed,3,48,32337,False,
HIST_00065,PLFS_2026,Madurai,E104,2024-01-01,26,Male,Graduate,Employed,3,19,22263,False,
HIST_00066,PLFS_2026,Chennai,E105,2024-12-01,34,Female,Post Graduate,Employed,2,58,27130,False,
HIST_00067,PLFS_2026,Chennai,E102,2024-09-01,32,Male,Post Graduate,Self-Employed,4,56,27087,False,
HIST_00068,PLFS_2026,Salem,E101,2024-04-01,51,Female,Higher Secondary,Unemployed,4,0,0,False,
HIST_00069,PLFS_2026,Salem,E107,2025-08-01,40,Male,Graduate,Self-Employed,3,45,25842,False,
HIST_00070,PLFS_2026,Madurai,E105,2024-02-01,39,Female,Below Primary,Employed,4,57,9029,False,
HIST_00071,PLFS_2026,Trichy,E104,2024-12-01,63,Female,Below Primary,Self-Employed,1,43,13411,False,
HIST_00072,PLFS_2026,Salem,E106,2025-10-01,41,Male,Higher Secondary,Employed,3,43,19830,False,
HIST_00073,PLFS_2026,Coimbatore,E106,2025-01-01,30,Female,Post Graduate,Employed,5,47,32733,False,
HIST_00074,PLFS_2026,Coimbatore,E107,2025-10-01,48,Male,Post Graduate,Employed,4,51,42785,False,
HIST_00075,PLFS_2026,Coimbatore,E101,2024-10-01,28,Female,Secondary,Employed,3,50,20197,False,
HIST_00076,PLFS_2026,Trichy,E106,2025-03-01,37,Female,Graduate,Unemployed,4,0,0,False,
HIST_00077,PLFS_2026,Trichy,E108,2025-12-01,44,Male,Below Primary,Employed,3,43,14637,False,
HIST_00078,PLFS_2026,Trichy,E106,2024-03-01,47,Male,Higher Secondary,Employed,5,55,22092,False,
HIST_00079,PLFS_2026,Madurai,E103,2024-01-01,46,Male,Secondary,Self-Employed,3,47,17531,False,
HIST_00080,PLFS_2026,Trichy,E102,2025-03-01,39,Female,Post Graduate,Employed,4,38,53902,False,
HIST_00081,PLFS_2026,Coimbatore,E108,2025-01-01,25,Male,Secondary,Unemployed,2,0,0,False,
HIST_00082,PLFS_2026,Chennai,E102,2025-02-01,45,Male,Secondary,Self-Employed,4,44,14769,False,
HIST_00083,PLFS_2026,Trichy,E108,2024-02-01,38,Male,Below Primary,Employed,3,52,11647,False,
HIST_00084,PLFS_2026,Coimbatore,E106,2025-03-01,28,Female,Post Graduate,Employed,3,48,33715,False,
HIST_00085,PLFS_2026,Madurai,E108,2025-03-01,28,Female,Secondary,Self-Employed,4,46,16175,False,
HIST_00086,PLFS_2026,Salem,E108,2025-09-01,32,Male,Higher Secondary,Employed,4,33,15807,False,
HIST_00087,PLFS_2026,Salem,E104,2024-09-01,29,Female,Higher Secondary,Self-Employed,3,47,28491,False,
HIST_00088,PLFS_2026,Chennai,E103,2024-05-01,48,Male,Graduate,Unemployed,3,0,0,False,
HIST_00089,PLFS_2026,Madurai,E102,2025-02-01,37,Female,Higher Secondary,Employed,3,47,18360,False,
HIST_00090,PLFS_2026,Coimbatore,E101,2024-07-01,44,Female,Graduate,Self-Employed,5,44,30249,False,
HIST_00091,PLFS_2026,Trichy,E101,2025-07-01,46,Female,Graduate,Employed,3,46,28070,False,
HIST_00092,PLFS_2026,Salem,E105,2025-01-01,39,Female,Post Graduate,Unemployed,2,0,0,False,
HIST_00093,PLFS_2026,Trichy,E104,2025-04-01,55,Male,Higher Secondary,Employed,5,62,18623,False,
HIST_00094,PLFS_2026,Chennai,E107,2024-11-01,48,Female,Secondary,Self-Employed,4,62,15090,False,
HIST_00095,PLFS_2026,Madurai,E101,2025-01-01,27,Male,Below Primary,Unemployed,3,0,0,False,
HIST_00096,PLFS_2026,Madurai,E108,2024-06-01,28,Male,Higher Secondary,Employed,4,47,30255,False,
HIST_00097,PLFS_2026,Madurai,E108,2024-11-01,49,Female,Graduate,Employed,3,37,30754,False,
HIST_00098,PLFS_2026,Coimbatore,E105,2024-03-01,22,Female,Below Primary,Unemployed,6,0,0,False,
HIST_00099,PLFS_2026,Chennai,E106,2024-08-01,18,Male,Below Primary,Self-Employed,5,44,14970,False,
HIST_00100,PLFS_2026,Madurai,E104,2024-01-01,18,Male,Secondary,Employed,3,45,18169,False,
HIST_00101,PLFS_2026,Chennai,E104,2025-03-01,32,Female,Higher Secondary,Employed,4,36,21373,False,
HIST_00102,PLFS_2026,Trichy,E102,2024-06-01,39,Female,Below Primary,Employed,4,50,9300,False,
HIST_00103,PLFS_2026,Salem,E107,2025-01-01,19,Male,Below Primary,Employed,5,47,10203,False,
HIST_00104,PLFS_2026,Madurai,E102,2025-11-01,56,Female,Post Graduate,Self-Employed,4,54,38513,False,
HIST_00105,PLFS_2026,Trichy,E101,2024-12-01,62,Female,Higher Secondary,Employed,6,43,26274,False,
HIST_00106,PLFS_2026,Salem,E101,2025-02-01,45,Female,Below Primary,Employed,5,37,13646,False,
HIST_00107,PLFS_2026,Salem,E108,2025-11-01,50,Male,Graduate,Employed,1,35,16580,False,
HIST_00108,PLFS_2026,Trichy,E105,2025-08-01,34,Female,Graduate,Employed,4,57,28414,False,
HIST_00109,PLFS_2026,Trichy,E105,2024-11-01,57,Male,Below Primary,Employed,2,31,11866,False,
HIST_00110,PLFS_2026,Coimbatore,E104,2025-03-01,42,Female,Higher Secondary,Employed,3,28,21607,False,
HIST_00111,PLFS_2026,Salem,E103,2025-04-01,22,Male,Higher Secondary,Self-Employed,4,47,17864,False,
HIST_00112,PLFS_2026,Salem,E105,2025-08-01,31,Female,Post Graduate,Employed,2,44,45259,False,
HIST_00113,PLFS_2026,Madurai,E102,2024-08-01,26,Female,Graduate,Employed,4,40,23559,False,
HIST_00114,PLFS_2026,Madurai,E108,2025-09-01,36,Female,Graduate,Self-Employed,2,40,21291,False,
HIST_00115,PLFS_2026,Chennai,E105,2024-08-01,61,Female,Secondary,Employed,4,39,18770,False,
HIST_00116,PLFS_2026,Trichy,E106,2025-04-01,36,Female,Graduate,Self-Employed,3,49,32242,False,
HIST_00117,PLFS_2026,Trichy,E106,2024-12-01,31,Female,Higher Secondary,Employed,3,42,11871,False,
HIST_00118,PLFS_2026,Madurai,E102,2025-12-01,19,Male,Higher Secondary,Employed,5,58,20904,False,
HIST_00119,PLFS_2026,Trichy,E103,2024-07-01,44,Male,Graduate,Employed,4,69,34269,False,
HIST_00120,PLFS_2026,Trichy,E105,2024-04-01,36,Male,Higher Secondary,Employed,2,32,22895,False,
HIST_00121,PLFS_2026,Madurai,E105,2024-01-01,28,Male,Higher Secondary,Employed,2,39,17241,False,
HIST_00122,PLFS_2026,Chennai,E105,2025-11-01,58,Male,Graduate,Employed,5,44,36287,False,
HIST_00123,PLFS_2026,Chennai,E105,2025-04-01,38,Female,Graduate,Employed,2,57,31017,False,
HIST_00124,PLFS_2026,Chennai,E105,2025-04-01,25,Male,Below Primary,Employed,3,37,8681,False,
HIST_00125,PLFS_2026,Chennai,E101,2024-05-01,49,Male,Post Graduate,Self-Employed,6,33,42278,False,
HIST_00126,PLFS_2026,Chennai,E104,2024-04-01,30,Female,Post Graduate,Employed,3,40,31433,False,
HIST_00127,PLFS_2026,Trichy,E104,2025-05-01,38,Female,Graduate,Self-Employed,2,47,27718,False,
HIST_00128,PLFS_2026,Salem,E107,2024-10-01,35,Male,Post Graduate,Self-Employed,2,40,43740,False,
HIST_00129,PLFS_2026,Chennai,E104,2025-09-01,44,Male,Higher Secondary,Unemployed,2,0,0,False,
HIST_00130,PLFS_2026,Madurai,E104,2024-06-01,18,Male,Secondary,Employed,4,39,20054,False,
HIST_00131,PLFS_2026,Coimbatore,E108,2024-10-01,28,Male,Secondary,Employed,1,31,18173,False,
HIST_00132,PLFS_2026,Salem,E108,2024-03-01,41,Male,Higher Secondary,Self-Employed,2,50,14689,False,
HIST_00133,PLFS_2026,Trichy,E104,2025-02-01,37,Male,Post Graduate,Employed,2,39,38360,False,
HIST_00134,PLFS_2026,Madurai,E105,2024-05-01,27,Male,Below Primary,Employed,3,53,10615,False,
HIST_00135,PLFS_2026,Salem,E105,2025-03-01,48,Male,Graduate,Unemployed,2,0,0,False,
HIST_00136,PLFS_2026,Coimbatore,E105,2025-05-01,18,Female,Graduate,Employed,2,49,26862,False,
HIST_00137,PLFS_2026,Chennai,E107,2025-12-01,42,Female,Post Graduate,Employed,3,45,36816,False,
HIST_00138,PLFS_2026,Chennai,E104,2025-10-01,52,Male,Higher Secondary,Employed,4,47,20187,False,
HIST_00139,PLFS_2026,Madurai,E108,2025-05-01,32,Female,Higher Secondary,Employed,3,48,20147,False,
HIST_00140,PLFS_2026,Trichy,E107,2025-09-01,41,Female,Below Primary,Employed,6,51,11217,False,
HIST_00141,PLFS_2026,Coimbatore,E106,2024-11-01,52,Male,Secondary,Employed,3,28,14370,False,
HIST_00142,PLFS_2026,Coimbatore,E105,2025-10-01,18,Female,Post Graduate,Employed,3,45,50740,False,
HIST_00143,PLFS_2026,Chennai,E106,2024-09-01,41,Female,Below Primary,Self-Employed,3,51,6693,False,
HIST_00144,PLFS_2026,Coimbatore,E101,2025-10-01,40,Female,Graduate,Employed,5,33,34405,False,
HIST_00145,PLFS_2026,Trichy,E106,2025-08-01,42,Female,Graduate,Self-Employed,3,50,40715,False,
HIST_00146,PLFS_2026,Madurai,E105,2025-06-01,40,Male,Higher Secondary,Employed,4,41,18260,False,
HIST_00147,PLFS_2026,Coimbatore,E102,2024-01-01,47,Male,Secondary,Employed,2,45,16280,False,
HIST_00148,PLFS_2026,Chennai,E107,2024-03-01,43,Male,Below Primary,Employed,4,53,10775,False,
HIST_00149,PLFS_2026,Chennai,E103,2025-04-01,34,Female,Post Graduate,Unemployed,2,0,0,False,
HIST_00150,PLFS_2026,Coimbatore,E108,2025-04-01,47,Male,Graduate,Employed,2,51,35591,False,
HIST_00151,PLFS_2026,Coimbatore,E104,2025-08-01,42,Male,Below Primary,Employed,6,38,9012,False,
HIST_00152,PLFS_2026,Coimbatore,E106,2025-05-01,18,Female,Below Primary,Employed,5,50,11866,False,
HIST_00153,PLFS_2026,Salem,E108,2024-05-01,41,Female,Post Graduate,Employed,2,64,38982,False,
HIST_00154,PLFS_2026,Salem,E107,2025-03-01,39,Female,Secondary,Self-Employed,4,48,18805,False,
HIST_00155,PLFS_2026,Madurai,E107,2024-08-01,28,Female,Below Primary,Employed,4,60,15229,False,
HIST_00156,PLFS_2026,Coimbatore,E107,2025-01-01,57,Male,Graduate,Self-Employed,3,37,27295,False,
HIST_00157,PLFS_2026,Madurai,E106,2024-04-01,38,Female,Below Primary,Employed,5,31,15670,False,
HIST_00158,PLFS_2026,Coimbatore,E101,2025-12-01,36,Male,Graduate,Self-Employed,3,36,18732,False,
HIST_00159,PLFS_2026,Madurai,E102,2025-04-01,47,Female,Higher Secondary,Unemployed,4,0,0,False,
HIST_00160,PLFS_2026,Coimbatore,E102,2024-11-01,33,Female,Higher Secondary,Unemployed,6,0,0,False,
HIST_00161,PLFS_2026,Coimbatore,E101,2025-08-01,35,Male,Secondary,Unemployed,3,0,0,False,
HIST_00162,PLFS_2026,Salem,E104,2025-12-01,35,Male,Graduate,Self-Employed,4,59,34308,False,
HIST_00163,PLFS_2026,Chennai,E108,2024-06-01,34,Female,Below Primary,Employed,2,65,12142,False,
HIST_00164,PLFS_2026,Chennai,E105,2024-12-01,38,Female,Graduate,Employed,3,46,27191,False,
HIST_00165,PLFS_2026,Trichy,E107,2025-07-01,31,Male,Secondary,Employed,3,44,16043,False,
HIST_00166,PLFS_2026,Trichy,E107,2025-08-01,29,Male,Graduate,Self-Employed,4,42,36422,False,
HIST_00167,PLFS_2026,Madurai,E104,2025-03-01,18,Female,Graduate,Employed,5,54,16389,False,
HIST_00168,PLFS_2026,Chennai,E108,2024-10-01,33,Male,Below Primary,Employed,3,33,10133,False,
HIST_00169,PLFS_2026,Salem,E105,2025-09-01,24,Female,Higher Secondary,Employed,6,52,27594,False,
HIST_00170,PLFS_2026,Salem,E104,2025-01-01,46,Female,Below Primary,Employed,2,40,13174,False,
HIST_00171,PLFS_2026,Trichy,E106,2025-07-01,23,Female,Higher Secondary,Employed,4,43,20350,False,
HIST_00172,PLFS_2026,Coimbatore,E105,2024-01-01,46,Male,Post Graduate,Unemployed,4,0,0,False,
HIST_00173,PLFS_2026,Salem,E104,2025-08-01,25,Female,Secondary,Unemployed,4,0,0,False,
HIST_00174,PLFS_2026,Trichy,E105,2025-10-01,41,Male,Below Primary,Self-Employed,2,52,11556,False,
HIST_00175,PLFS_2026,Chennai,E105,2025-03-01,31,Male,Post Graduate,Employed,5,39,27295,False,
HIST_00176,PLFS_2026,Madurai,E102,2024-10-01,19,Female,Graduate,Employed,4,34,37826,False,
HIST_00177,PLFS_2026,Madurai,E106,2025-05-01,18,Female,Secondary,Employed,6,46,17651,False,
HIST_00178,PLFS_2026,Coimbatore,E105,2025-12-01,31,Female,Below Primary,Employed,4,44,14647,False,
HIST_00179,PLFS_2026,Chennai,E103,2024-08-01,39,Female,Post Graduate,Employed,4,42,37567,False,
HIST_00180,PLFS_2026,Coimbatore,E101,2024-09-01,41,Male,Graduate,Employed,1,34,32162,False,
HIST_00181,PLFS_2026,Salem,E107,2025-09-01,40,Female,Below Primary,Unemployed,3,0,0,False,
HIST_00182,PLFS_2026,Coimbatore,E101,2025-08-01,31,Female,Post Graduate,Employed,2,46,30564,False,
HIST_00183,PLFS_2026,Chennai,E108,2025-11-01,42,Female,Graduate,Employed,1,53,30646,False,
HIST_00184,PLFS_2026,Chennai,E101,2024-10-01,41,Female,Below Primary,Employed,5,58,14434,False,
HIST_00185,PLFS_2026,Trichy,E103,2025-01-01,18,Female,Higher Secondary,Unemployed,2,0,0,False,
HIST_00186,PLFS_2026,Trichy,E107,2025-07-01,44,Male,Graduate,Unemployed,3,0,0,False,
HIST_00187,PLFS_2026,Coimbatore,E107,2024-09-01,30,Male,Higher Secondary,Employed,2,37,16052,False,
HIST_00188,PLFS_2026,Coimbatore,E104,2024-12-01,26,Male,Higher Secondary,Employed,5,37,33582,False,
HIST_00189,PLFS_2026,Salem,E101,2025-01-01,43,Female,Secondary,Self-Employed,4,38,20521,False,
HIST_00190,PLFS_2026,Coimbatore,E102,2025-10-01,31,Male,Post Graduate,Self-Employed,4,65,37269,False,
HIST_00191,PLFS_2026,Chennai,E106,2024-08-01,51,Male,Post Graduate,Employed,3,44,51458,False,
HIST_00192,PLFS_2026,Trichy,E104,2025-07-01,30,Male,Secondary,Employed,6,50,15975,False,
HIST_00193,PLFS_2026,Madurai,E101,2024-09-01,45,Male,Secondary,Employed,5,49,12347,False,
HIST_00194,PLFS_2026,Madurai,E102,2025-10-01,29,Male,Secondary,Employed,3,44,20234,False,
HIST_00195,PLFS_2026,Madurai,E106,2024-01-01,40,Male,Higher Secondary,Employed,2,48,24686,False,
HIST_00196,PLFS_2026,Coimbatore,E102,2025-12-01,44,Male,Graduate,Employed,5,51,30571,False,
HIST_00197,PLFS_2026,Salem,E102,2025-03-01,37,Male,Post Graduate,Employed,1,48,39578,False,
HIST_00198,PLFS_2026,Trichy,E105,2025-03-01,41,Male,Below Primary,Self-Employed,2,36,14527,False,
HIST_00199,PLFS_2026,Coimbatore,E107,2025-10-01,37,Male,Graduate,Unemployed,4,0,0,False,
HIST_00200,PLFS_2026,Coimbatore,E102,2024-03-01,49,Female,Post Graduate,Employed,3,45,34486,False,
HIST_00201,PLFS_2026,Madurai,E105,2025-08-01,32,Female,Graduate,Self-Employed,3,46,25319,False,
HIST_00202,PLFS_2026,Trichy,E105,2025-03-01,53,Female,Below Primary,Self-Employed,2,43,10944,False,
HIST_00203,PLFS_2026,Chennai,E104,2025-02-01,55,Female,Secondary,Employed,4,53,12651,False,
HIST_00204,PLFS_2026,Coimbatore,E107,2025-02-01,41,Male,Higher Secondary,Employed,5,45,26688,False,
HIST_00205,PLFS_2026,Salem,E106,2024-05-01,31,Female,Below Primary,Employed,5,63,11129,False,
HIST_00206,PLFS_2026,Chennai,E102,2025-02-01,32,Male,Higher Secondary,Self-Employed,5,57,19699,False,
HIST_00207,PLFS_2026,Trichy,E101,2025-07-01,32,Female,Below Primary,Employed,3,34,9795,False,
HIST_00208,PLFS_2026,Coimbatore,E101,2024-10-01,25,Female,Higher Secondary,Employed,3,44,23030,False,
HIST_00209,PLFS_2026,Trichy,E104,2024-05-01,56,Female,Secondary,Self-Employed,2,52,17229,False,
HIST_00210,PLFS_2026,Salem,E106,2024-04-01,37,Female,Post Graduate,Employed,4,36,40906,False,
HIST_00211,PLFS_2026,Coimbatore,E101,2025-08-01,39,Female,Below Primary,Employed,4,47,17892,False,
HIST_00212,PLFS_2026,Salem,E106,2024-12-01,30,Male,Secondary,Self-Employed,3,40,16000,False,
HIST_00213,PLFS_2026,Trichy,E107,2024-03-01,30,Male,Below Primary,Employed,5,56,10630,False,
HIST_00214,PLFS_2026,Trichy,E104,2025-01-01,28,Female,Graduate,Employed,4,40,31544,False,
HIST_00215,PLFS_2026,Salem,E105,2025-12-01,40,Female,Post Graduate,Employed,2,57,51648,False,
HIST_00216,PLFS_2026,Chennai,E103,2024-06-01,30,Male,Below Primary,Employed,3,47,12802,False,
HIST_00217,PLFS_2026,Coimbatore,E108,2025-08-01,45,Female,Graduate,Employed,6,43,23529,False,
HIST_00218,PLFS_2026,Trichy,E102,2024-12-01,21,Female,Below Primary,Employed,3,44,16306,False,
HIST_00219,PLFS_2026,Trichy,E108,2025-05-01,31,Female,Below Primary,Employed,4,44,14852,False,
HIST_00220,PLFS_2026,Trichy,E101,2024-01-01,65,Male,Higher Secondary,Self-Employed,3,41,26594,False,
HIST_00221,PLFS_2026,Madurai,E105,2024-10-01,46,Female,Below Primary,Employed,6,49,11137,False,
HIST_00222,PLFS_2026,Coimbatore,E103,2024-05-01,45,Female,Post Graduate,Unemployed,5,0,0,False,
HIST_00223,PLFS_2026,Trichy,E106,2024-03-01,50,Female,Below Primary,Employed,5,56,13556,False,
HIST_00224,PLFS_2026,Coimbatore,E102,2024-11-01,35,Female,Post Graduate,Employed,4,54,31791,False,
HIST_00225,PLFS_2026,Coimbatore,E105,2024-04-01,42,Female,Below Primary,Self-Employed,3,45,15068,False,
HIST_00226,PLFS_2026,Madurai,E108,2025-11-01,40,Female,Below Primary,Employed,4,34,13791,False,
HIST_00227,PLFS_2026,Chennai,E104,2025-02-01,45,Female,Post Graduate,Employed,6,42,39665,False,
HIST_00228,PLFS_2026,Salem,E106,2024-08-01,40,Female,Secondary,Employed,6,44,19004,False,
HIST_00229,PLFS_2026,Chennai,E104,2024-12-01,45,Female,Secondary,Employed,4,41,18698,False,
HIST_00230,PLFS_2026,Madurai,E105,2024-07-01,50,Male,Post Graduate,Employed,2,46,32679,False,
HIST_00231,PLFS_2026,Chennai,E103,2025-09-01,52,Female,Graduate,Self-Employed,2,40,30112,False,
HIST_00232,PLFS_2026,Trichy,E108,2025-10-01,56,Female,Higher Secondary,Employed,3,40,30277,False,
HIST_00233,PLFS_2026,Chennai,E108,2025-03-01,20,Female,Higher Secondary,Employed,1,48,19790,False,
HIST_00234,PLFS_2026,Salem,E102,2024-10-01,25,Female,Graduate,Employed,4,46,24841,False,
HIST_00235,PLFS_2026,Salem,E105,2024-03-01,22,Male,Post Graduate,Employed,5,50,37246,False,
HIST_00236,PLFS_2026,Coimbatore,E108,2025-07-01,60,Male,Graduate,Self-Employed,2,32,24125,False,
HIST_00237,PLFS_2026,Trichy,E104,2024-11-01,37,Female,Post Graduate,Employed,4,43,40675,False,
HIST_00238,PLFS_2026,Chennai,E108,2024-04-01,22,Female,Below Primary,Employed,5,44,14681,False,
HIST_00239,PLFS_2026,Madurai,E101,2024-08-01,42,Female,Graduate,Employed,4,49,30507,False,
HIST_00240,PLFS_2026,Trichy,E103,2024-12-01,45,Female,Higher Secondary,Employed,5,46,25119,False,
HIST_00241,PLFS_2026,Salem,E101,2025-09-01,36,Female,Below Primary,Employed,5,39,16322,False,
HIST_00242,PLFS_2026,Trichy,E107,2024-10-01,37,Female,Post Graduate,Self-Employed,2,46,32824,False,
HIST_00243,PLFS_2026,Salem,E102,2025-07-01,48,Male,Higher Secondary,Employed,3,41,13686,False,
HIST_00244,PLFS_2026,Coimbatore,E103,2025-08-01,32,Male,Higher Secondary,Employed,1,32,25345,False,
HIST_00245,PLFS_2026,Salem,E103,2025-10-01,47,Male,Graduate,Employed,4,37,27732,False,
HIST_00246,PLFS_2026,Chennai,E106,2024-10-01,37,Male,Secondary,Employed,2,57,21158,False,
HIST_00247,PLFS_2026,Coimbatore,E104,2024-08-01,35,Male,Secondary,Employed,4,46,10649,False,
HIST_00248,PLFS_2026,Chennai,E101,2025-10-01,35,Female,Post Graduate,Employed,3,36,35863,False,
HIST_00249,PLFS_2026,Coimbatore,E103,2024-06-01,59,Male,Post Graduate,Self-Employed,4,40,42351,False,
HIST_00250,PLFS_2026,Madurai,E108,2024-02-01,54,Female,Higher Secondary,Unemployed,5,0,0,False,
HIST_00251,PLFS_2026,Madurai,E108,2025-08-01,46,Female,Graduate,Employed,4,52,31556,False,
HIST_00252,PLFS_2026,Madurai,E105,2025-04-01,50,Male,Higher Secondary,Unemployed,3,0,0,False,
HIST_00253,PLFS_2026,Trichy,E108,2025-03-01,62,Female,Graduate,Employed,3,58,29108,False,
HIST_00254,PLFS_2026,Coimbatore,E103,2024-07-01,30,Male,Higher Secondary,Employed,3,42,23866,False,
HIST_00255,PLFS_2026,Coimbatore,E106,2025-06-01,44,Male,Post Graduate,Self-Employed,3,44,54281,False,
HIST_00256,PLFS_2026,Salem,E102,2024-06-01,58,Female,Graduate,Self-Employed,4,45,28672,False,
HIST_00257,PLFS_2026,Madurai,E107,2024-03-01,45,Male,Graduate,Self-Employed,2,42,18655,False,
HIST_00258,PLFS_2026,Chennai,E107,2024-02-01,42,Female,Post Graduate,Employed,4,41,49962,False,
HIST_00259,PLFS_2026,Coimbatore,E102,2024-12-01,23,Male,Below Primary,Employed,2,46,14513,False,
HIST_00260,PLFS_2026,Chennai,E106,2024-05-01,58,Male,Below Primary,Employed,3,53,11907,False,
HIST_00261,PLFS_2026,Coimbatore,E103,2025-11-01,35,Female,Graduate,Unemployed,5,0,0,False,
HIST_00262,PLFS_2026,Chennai,E101,2024-09-01,55,Male,Secondary,Employed,5,39,19424,False,
HIST_00263,PLFS_2026,Trichy,E107,2024-04-01,43,Female,Secondary,Employed,4,40,15582,False,
HIST_00264,PLFS_2026,Chennai,E104,2025-02-01,37,Female,Below Primary,Employed,5,49,11110,False,
HIST_00265,PLFS_2026,Coimbatore,E101,2025-09-01,47,Male,Secondary,Employed,1,54,11737,False,
HIST_00266,PLFS_2026,Chennai,E106,2024-08-01,33,Female,Secondary,Unemployed,2,0,0,False,
HIST_00267,PLFS_2026,Chennai,E106,2024-03-01,32,Male,Graduate,Self-Employed,4,44,30671,False,
HIST_00268,PLFS_2026,Chennai,E107,2024-12-01,38,Female,Below Primary,Employed,2,52,10814,False,
HIST_00269,PLFS_2026,Chennai,E106,2024-08-01,19,Male,Post Graduate,Unemployed,3,0,0,False,
HIST_00270,PLFS_2026,Salem,E103,2024-02-01,33,Female,Post Graduate,Employed,3,42,53783,False,
HIST_00271,PLFS_2026,Madurai,E108,2025-11-01,42,Female,Secondary,Self-Employed,4,53,18859,False,
HIST_00272,PLFS_2026,Chennai,E108,2024-02-01,34,Female,Secondary,Employed,3,44,17865,False,
HIST_00273,PLFS_2026,Madurai,E101,2024-11-01,46,Female,Post Graduate,Employed,4,50,37386,False,
HIST_00274,PLFS_2026,Trichy,E108,2024-09-01,38,Male,Secondary,Employed,1,52,19247,False,
HIST_00275,PLFS_2026,Chennai,E106,2024-09-01,49,Male,Higher Secondary,Employed,1,61,21385,False,
HIST_00276,PLFS_2026,Coimbatore,E108,2025-01-01,51,Female,Secondary,Employed,2,49,14207,False,
HIST_00277,PLFS_2026,Coimbatore,E106,2025-05-01,30,Female,Below Primary,Unemployed,6,0,0,False,
HIST_00278,PLFS_2026,Chennai,E107,2025-08-01,48,Male,Post Graduate,Employed,4,46,40773,False,
HIST_00279,PLFS_2026,Chennai,E102,2024-11-01,65,Female,Higher Secondary,Employed,3,46,26622,False,
HIST_00280,PLFS_2026,Coimbatore,E103,2025-11-01,51,Female,Higher Secondary,Employed,5,50,16970,False,
HIST_00281,PLFS_2026,Salem,E107,2024-09-01,57,Male,Below Primary,Unemployed,2,0,0,False,
HIST_00282,PLFS_2026,Coimbatore,E106,2025-05-01,37,Male,Below Primary,Employed,4,47,13012,False,
HIST_00283,PLFS_2026,Trichy,E108,2024-02-01,57,Male,Below Primary,Employed,4,43,14313,False,
HIST_00284,PLFS_2026,Salem,E106,2025-01-01,52,Male,Post Graduate,Employed,2,49,43328,False,
HIST_00285,PLFS_2026,Coimbatore,E106,2024-12-01,34,Female,Below Primary,Employed,5,43,12301,False,
HIST_00286,PLFS_2026,Trichy,E106,2025-01-01,35,Female,Higher Secondary,Employed,4,36,15663,False,
HIST_00287,PLFS_2026,Chennai,E101,2025-12-01,57,Male,Graduate,Employed,2,37,15941,False,
HIST_00288,PLFS_2026,Trichy,E102,2024-09-01,30,Female,Graduate,Employed,2,58,33654,False,
HIST_00289,PLFS_2026,Trichy,E105,2025-11-01,29,Female,Secondary,Employed,6,52,16830,False,
HIST_00290,PLFS_2026,Chennai,E108,2024-06-01,18,Female,Below Primary,Self-Employed,6,33,8051,False,
HIST_00291,PLFS_2026,Salem,E106,2025-11-01,50,Male,Post Graduate,Employed,7,56,42285,False,
HIST_00292,PLFS_2026,Salem,E103,2025-11-01,45,Male,Higher Secondary,Employed,5,51,23237,False,
HIST_00293,PLFS_2026,Chennai,E104,2024-05-01,39,Male,Graduate,Employed,3,38,26428,False,
HIST_00294,PLFS_2026,Trichy,E106,2025-03-01,18,Male,Post Graduate,Self-Employed,3,37,29612,False,
HIST_00295,PLFS_2026,Chennai,E105,2025-01-01,40,Female,Post Graduate,Employed,5,52,26064,False,
HIST_00296,PLFS_2026,Coimbatore,E102,2024-05-01,26,Female,Below Primary,Employed,5,37,11460,False,
HIST_00297,PLFS_2026,Trichy,E106,2024-05-01,44,Male,Secondary,Employed,2,45,13197,False,
HIST_00298,PLFS_2026,Chennai,E102,2025-05-01,30,Male,Higher Secondary,Employed,4,32,23938,False,
HIST_00299,PLFS_2026,Salem,E104,2024-12-01,37,Female,Below Primary,Employed,4,46,15273,False,
HIST_00300,PLFS_2026,Trichy,E105,2024-05-01,39,Female,Post Graduate,Employed,3,45,42129,False,
HIST_00301,PLFS_2026,Trichy,E103,2025-07-01,38,Male,Secondary,Unemployed,4,0,0,False,
HIST_00302,PLFS_2026,Trichy,E106,2025-07-01,21,Male,Below Primary,Employed,6,35,10337,False,
HIST_00303,PLFS_2026,Trichy,E105,2025-09-01,29,Male,Post Graduate,Employed,5,42,47482,False,
HIST_00304,PLFS_2026,Chennai,E108,2025-09-01,29,Female,Higher Secondary,Employed,4,38,31438,False,
HIST_00305,PLFS_2026,Coimbatore,E105,2025-03-01,23,Male,Below Primary,Employed,4,50,12993,False,
HIST_00306,PLFS_2026,Coimbatore,E108,2025-03-01,35,Male,Higher Secondary,Unemployed,3,0,0,False,
HIST_00307,PLFS_2026,Salem,E106,2025-12-01,49,Female,Graduate,Employed,6,40,20329,False,
HIST_00308,PLFS_2026,Salem,E102,2024-11-01,36,Male,Graduate,Employed,7,38,37179,False,
HIST_00309,PLFS_2026,Coimbatore,E104,2024-05-01,58,Male,Below Primary,Employed,3,49,15908,False,
HIST_00310,PLFS_2026,Coimbatore,E107,2024-08-01,33,Male,Higher Secondary,Self-Employed,3,40,17535,False,
HIST_00311,PLFS_2026,Salem,E104,2024-06-01,30,Female,Post Graduate,Employed,2,45,32148,False,
HIST_00312,PLFS_2026,Salem,E108,2024-01-01,40,Male,Graduate,Employed,1,47,32667,False,
HIST_00313,PLFS_2026,Madurai,E104,2025-07-01,18,Female,Below Primary,Employed,4,54,9096,False,
HIST_00314,PLFS_2026,Coimbatore,E108,2024-10-01,58,Male,Below Primary,Employed,4,39,11866,False,
HIST_00315,PLFS_2026,Salem,E106,2025-01-01,44,Female,Below Primary,Employed,4,49,9790,False,
HIST_00316,PLFS_2026,Trichy,E104,2024-12-01,40,Female,Below Primary,Employed,2,44,9830,False,
HIST_00317,PLFS_2026,Coimbatore,E105,2025-08-01,29,Male,Secondary,Self-Employed,5,53,20192,False,
HIST_00318,PLFS_2026,Coimbatore,E106,2024-11-01,24,Female,Secondary,Employed,3,54,18510,False,
HIST_00319,PLFS_2026,Trichy,E107,2025-05-01,65,Male,Below Primary,Employed,4,46,11258,False,
HIST_00320,PLFS_2026,Salem,E108,2025-05-01,39,Female,Secondary,Unemployed,3,0,0,False,
HIST_00321,PLFS_2026,Trichy,E103,2024-11-01,28,Female,Secondary,Employed,2,30,19828,False,
HIST_00322,PLFS_2026,Trichy,E105,2025-07-01,24,Female,Post Graduate,Self-Employed,1,48,56946,False,
HIST_00323,PLFS_2026,Trichy,E108,2025-11-01,37,Female,Graduate,Self-Employed,5,45,27446,False,
HIST_00324,PLFS_2026,Salem,E106,2025-10-01,49,Male,Graduate,Employed,3,47,29801,False,
HIST_00325,PLFS_2026,Chennai,E108,2024-09-01,29,Male,Below Primary,Employed,5,43,10186,False,
HIST_00326,PLFS_2026,Madurai,E107,2024-05-01,44,Male,Below Primary,Employed,2,45,11978,False,
HIST_00327,PLFS_2026,Chennai,E104,2024-01-01,51,Female,Higher Secondary,Employed,4,44,25598,False,
HIST_00328,PLFS_2026,Coimbatore,E104,2025-02-01,54,Female,Below Primary,Unemployed,4,0,0,False,
HIST_00329,PLFS_2026,Trichy,E104,2025-06-01,25,Female,Graduate,Employed,3,40,26952,False,
HIST_00330,PLFS_2026,Salem,E103,2025-03-01,38,Female,Post Graduate,Employed,4,44,41697,False,
HIST_00331,PLFS_2026,Salem,E108,2024-07-01,38,Male,Higher Secondary,Employed,1,37,21366,False,
HIST_00332,PLFS_2026,Madurai,E105,2024-10-01,23,Male,Graduate,Employed,4,57,34825,False,
HIST_00333,PLFS_2026,Salem,E105,2024-10-01,35,Male,Post Graduate,Unemployed,5,0,0,False,
HIST_00334,PLFS_2026,Coimbatore,E107,2024-12-01,30,Male,Higher Secondary,Employed,3,41,22749,False,
HIST_00335,PLFS_2026,Chennai,E106,2025-03-01,39,Female,Graduate,Employed,4,48,34667,False,
HIST_00336,PLFS_2026,Trichy,E105,2025-06-01,49,Female,Secondary,Employed,2,24,21363,False,
HIST_00337,PLFS_2026,Trichy,E104,2024-08-01,21,Male,Post Graduate,Employed,3,35,24304,False,
HIST_00338,PLFS_2026,Madurai,E101,2024-04-01,44,Female,Higher Secondary,Unemployed,4,0,0,False,
HIST_00339,PLFS_2026,Chennai,E103,2024-01-01,31,Male,Graduate,Unemployed,4,0,0,False,
HIST_00340,PLFS_2026,Coimbatore,E108,2025-09-01,37,Male,Higher Secondary,Employed,4,45,17718,False,
HIST_00341,PLFS_2026,Chennai,E102,2025-09-01,52,Male,Post Graduate,Unemployed,3,0,0,False,
HIST_00342,PLFS_2026,Chennai,E103,2025-02-01,32,Male,Below Primary,Self-Employed,2,43,16108,False,
HIST_00343,PLFS_2026,Coimbatore,E108,2024-06-01,21,Female,Below Primary,Employed,1,56,11497,False,
HIST_00344,PLFS_2026,Trichy,E102,2024-11-01,29,Female,Graduate,Self-Employed,5,40,38225,False,
HIST_00345,PLFS_2026,Trichy,E108,2024-05-01,46,Female,Higher Secondary,Employed,3,62,19334,False,
HIST_00346,PLFS_2026,Chennai,E106,2024-06-01,46,Female,Higher Secondary,Unemployed,4,0,0,False,
HIST_00347,PLFS_2026,Chennai,E106,2024-10-01,38,Male,Secondary,Unemployed,3,0,0,False,
HIST_00348,PLFS_2026,Coimbatore,E107,2025-05-01,62,Female,Below Primary,Employed,4,42,12443,False,
HIST_00349,PLFS_2026,Chennai,E103,2024-05-01,21,Female,Higher Secondary,Self-Employed,2,54,19109,False,
HIST_00350,PLFS_2026,Chennai,E105,2025-01-01,25,Male,Graduate,Self-Employed,4,54,32026,False,
HIST_00351,PLFS_2026,Salem,E105,2025-07-01,49,Male,Higher Secondary,Unemployed,3,0,0,False,
HIST_00352,PLFS_2026,Madurai,E101,2025-10-01,34,Male,Graduate,Employed,3,55,31114,False,
HIST_00353,PLFS_2026,Coimbatore,E105,2025-11-01,43,Male,Higher Secondary,Employed,6,39,26082,False,
HIST_00354,PLFS_2026,Madurai,E104,2024-05-01,38,Female,Secondary,Employed,4,57,19828,False,
HIST_00355,PLFS_2026,Trichy,E106,2025-02-01,44,Female,Post Graduate,Self-Employed,5,42,31622,False,
HIST_00356,PLFS_2026,Madurai,E104,2025-10-01,25,Male,Post Graduate,Employed,1,61,29615,False,
HIST_00357,PLFS_2026,Salem,E102,2025-07-01,35,Male,Below Primary,Self-Employed,3,47,13957,False,
HIST_00358,PLFS_2026,Trichy,E104,2025-07-01,48,Male,Secondary,Employed,3,43,19017,False,
HIST_00359,PLFS_2026,Trichy,E108,2024-04-01,35,Male,Post Graduate,Employed,6,48,43585,False,
HIST_00360,PLFS_2026,Trichy,E108,2024-02-01,45,Female,Secondary,Employed,5,46,13331,False,
HIST_00361,PLFS_2026,Coimbatore,E101,2025-06-01,42,Female,Higher Secondary,Unemployed,3,0,0,False,
HIST_00362,PLFS_2026,Coimbatore,E105,2024-01-01,52,Male,Post Graduate,Employed,4,47,50936,False,
HIST_00363,PLFS_2026,Coimbatore,E106,2025-11-01,40,Male,Post Graduate,Self-Employed,7,49,24618,False,
HIST_00364,PLFS_2026,Chennai,E108,2024-02-01,47,Female,Graduate,Employed,4,55,31769,False,
HIST_00365,PLFS_2026,Madurai,E107,2024-12-01,36,Female,Graduate,Self-Employed,2,43,23237,False,
HIST_00366,PLFS_2026,Coimbatore,E107,2024-03-01,31,Male,Higher Secondary,Employed,4,58,23736,False,
HIST_00367,PLFS_2026,Trichy,E107,2025-05-01,23,Male,Secondary,Self-Employed,4,54,15804,False,
HIST_00368,PLFS_2026,Chennai,E105,2025-03-01,36,Female,Post Graduate,Employed,4,38,42926,False,
HIST_00369,PLFS_2026,Madurai,E104,2025-03-01,36,Female,Secondary,Employed,4,37,16425,False,
HIST_00370,PLFS_2026,Chennai,E101,2025-10-01,46,Female,Post Graduate,Self-Employed,3,58,34962,False,
HIST_00371,PLFS_2026,Chennai,E104,2024-07-01,40,Male,Below Primary,Employed,5,33,7774,False,
HIST_00372,PLFS_2026,Coimbatore,E101,2024-08-01,19,Male,Graduate,Employed,5,40,42325,False,
HIST_00373,PLFS_2026,Trichy,E104,2024-02-01,31,Male,Post Graduate,Self-Employed,4,57,53246,False,
HIST_00374,PLFS_2026,Madurai,E106,2025-07-01,62,Female,Secondary,Employed,5,53,20133,False,
HIST_00375,PLFS_2026,Madurai,E104,2025-02-01,47,Female,Higher Secondary,Employed,3,38,21985,False,
HIST_00376,PLFS_2026,Trichy,E103,2025-09-01,35,Female,Post Graduate,Employed,3,50,45260,False,
HIST_00377,PLFS_2026,Salem,E107,2025-05-01,39,Female,Graduate,Employed,5,35,26915,False,
HIST_00378,PLFS_2026,Salem,E107,2024-06-01,29,Female,Secondary,Self-Employed,1,44,17561,False,
HIST_00379,PLFS_2026,Salem,E103,2025-03-01,56,Male,Post Graduate,Employed,4,36,52091,False,
HIST_00380,PLFS_2026,Coimbatore,E103,2025-01-01,52,Male,Higher Secondary,Employed,4,43,17778,False,
HIST_00381,PLFS_2026,Chennai,E108,2024-12-01,33,Male,Post Graduate,Unemployed,5,0,0,False,
HIST_00382,PLFS_2026,Madurai,E101,2024-09-01,32,Female,Post Graduate,Unemployed,2,0,0,False,
HIST_00383,PLFS_2026,Chennai,E104,2025-07-01,41,Male,Graduate,Employed,3,41,19069,False,
HIST_00384,PLFS_2026,Salem,E105,2024-01-01,44,Male,Secondary,Self-Employed,3,35,7659,False,
HIST_00385,PLFS_2026,Chennai,E108,2024-08-01,37,Male,Graduate,Self-Employed,6,58,25440,False,
HIST_00386,PLFS_2026,Trichy,E106,2024-10-01,30,Female,Graduate,Employed,4,37,29690,False,
HIST_00387,PLFS_2026,Salem,E105,2024-09-01,47,Female,Post Graduate,Self-Employed,5,44,36452,False,
HIST_00388,PLFS_2026,Coimbatore,E102,2025-12-01,27,Female,Higher Secondary,Self-Employed,2,43,23616,False,
HIST_00389,PLFS_2026,Salem,E106,2025-02-01,48,Male,Post Graduate,Self-Employed,2,56,35939,False,
HIST_00390,PLFS_2026,Madurai,E101,2024-09-01,37,Female,Higher Secondary,Employed,3,25,25889,False,
HIST_00391,PLFS_2026,Salem,E104,2025-01-01,46,Male,Graduate,Employed,3,45,30889,False,
HIST_00392,PLFS_2026,Salem,E105,2025-04-01,19,Female,Graduate,Employed,3,51,20975,False,
HIST_00393,PLFS_2026,Salem,E103,2024-05-01,41,Female,Secondary,Self-Employed,2,48,17871,False,
HIST_00394,PLFS_2026,Trichy,E101,2025-05-01,18,Male,Below Primary,Self-Employed,5,39,10055,False,
HIST_00395,PLFS_2026,Chennai,E101,2025-02-01,40,Male,Secondary,Employed,5,36,18222,False,
HIST_00396,PLFS_2026,Madurai,E101,2024-07-01,43,Female,Higher Secondary,Employed,4,46,20385,False,
HIST_00397,PLFS_2026,Trichy,E108,2025-10-01,28,Female,Below Primary,Employed,4,36,4988,False,
HIST_00398,PLFS_2026,Trichy,E107,2024-01-01,43,Male,Post Graduate,Unemployed,5,0,0,False,
HIST_00399,PLFS_2026,Trichy,E105,2024-01-01,45,Female,Secondary,Employed,6,45,15379,False,
HIST_00400,PLFS_2026,Chennai,E103,2024-08-01,35,Male,Post Graduate,Employed,5,39,31926,False,
HIST_00401,PLFS_2026,Salem,E105,2025-01-01,32,Male,Higher Secondary,Self-Employed,2,45,29148,False,
HIST_00402,PLFS_2026,Coimbatore,E104,2025-11-01,41,Male,Higher Secondary,Unemployed,3,0,0,False,
HIST_00403,PLFS_2026,Chennai,E101,2024-03-01,48,Female,Graduate,Employed,3,43,45881,False,
HIST_00404,PLFS_2026,Coimbatore,E101,2025-09-01,41,Male,Secondary,Employed,3,41,22134,False,
HIST_00405,PLFS_2026,Coimbatore,E106,2025-07-01,39,Male,Post Graduate,Self-Employed,2,52,32922,False,
HIST_00406,PLFS_2026,Madurai,E104,2025-11-01,60,Female,Higher Secondary,Employed,5,41,27636,False,
HIST_00407,PLFS_2026,Chennai,E105,2025-06-01,38,Male,Secondary,Self-Employed,5,48,14953,False,
HIST_00408,PLFS_2026,Salem,E101,2024-07-01,30,Male,Graduate,Self-Employed,5,42,25739,False,
HIST_00409,PLFS_2026,Salem,E103,2025-07-01,26,Male,Post Graduate,Self-Employed,4,61,29886,False,
HIST_00410,PLFS_2026,Coimbatore,E106,2025-01-01,38,Male,Below Primary,Employed,5,44,13085,False,
HIST_00411,PLFS_2026,Salem,E101,2024-04-01,25,Female,Secondary,Self-Employed,4,43,21548,False,
HIST_00412,PLFS_2026,Salem,E107,2024-11-01,52,Male,Higher Secondary,Self-Employed,7,49,23433,False,
HIST_00413,PLFS_2026,Coimbatore,E108,2024-08-01,40,Female,Post Graduate,Self-Employed,3,47,35754,False,
HIST_00414,PLFS_2026,Coimbatore,E103,2025-10-01,40,Female,Below Primary,Self-Employed,5,36,14735,False,
HIST_00415,PLFS_2026,Salem,E104,2025-11-01,53,Male,Below Primary,Employed,3,28,10541,False,
HIST_00416,PLFS_2026,Coimbatore,E103,2025-12-01,53,Female,Higher Secondary,Employed,3,37,19778,False,
HIST_00417,PLFS_2026,Chennai,E101,2024-10-01,48,Female,Higher Secondary,Self-Employed,4,43,20385,False,
HIST_00418,PLFS_2026,Chennai,E103,2024-03-01,33,Male,Graduate,Employed,2,57,26195,False,
HIST_00419,PLFS_2026,Trichy,E107,2024-04-01,52,Male,Below Primary,Employed,5,52,10964,False,
HIST_00420,PLFS_2026,Chennai,E106,2025-01-01,42,Male,Higher Secondary,Employed,3,37,23427,False,
HIST_00421,PLFS_2026,Chennai,E104,2025-07-01,23,Male,Graduate,Employed,5,41,29126,False,
HIST_00422,PLFS_2026,Salem,E105,2024-09-01,41,Female,Secondary,Employed,3,49,16290,False,
HIST_00423,PLFS_2026,Coimbatore,E105,2025-02-01,48,Female,Graduate,Self-Employed,2,46,38858,False,
HIST_00424,PLFS_2026,Salem,E105,2024-08-01,25,Female,Post Graduate,Unemployed,3,0,0,False,
HIST_00425,PLFS_2026,Coimbatore,E102,2024-05-01,42,Female,Below Primary,Self-Employed,4,50,14663,False,
HIST_00426,PLFS_2026,Salem,E107,2024-11-01,42,Female,Higher Secondary,Employed,3,50,30359,False,
HIST_00427,PLFS_2026,Trichy,E103,2024-10-01,36,Female,Post Graduate,Self-Employed,2,53,37085,False,
HIST_00428,PLFS_2026,Madurai,E108,2024-11-01,18,Male,Graduate,Self-Employed,5,40,27493,False,
HIST_00429,PLFS_2026,Salem,E108,2025-07-01,41,Male,Higher Secondary,Employed,4,50,20083,False,
HIST_00430,PLFS_2026,Coimbatore,E106,2024-04-01,44,Male,Post Graduate,Self-Employed,3,50,42676,False,
HIST_00431,PLFS_2026,Madurai,E101,2025-12-01,26,Female,Secondary,Employed,5,40,20909,False,
HIST_00432,PLFS_2026,Salem,E102,2025-02-01,42,Female,Secondary,Unemployed,6,0,0,False,
HIST_00433,PLFS_2026,Madurai,E105,2025-10-01,37,Male,Graduate,Self-Employed,3,51,18948,False,
HIST_00434,PLFS_2026,Chennai,E108,2025-08-01,25,Female,Post Graduate,Employed,2,52,51000,False,
HIST_00435,PLFS_2026,Trichy,E107,2025-06-01,36,Male,Higher Secondary,Unemployed,3,0,0,False,
HIST_00436,PLFS_2026,Trichy,E102,2024-04-01,26,Male,Higher Secondary,Employed,4,52,24204,False,
HIST_00437,PLFS_2026,Trichy,E101,2025-07-01,40,Female,Higher Secondary,Self-Employed,5,23,24982,False,
HIST_00438,PLFS_2026,Coimbatore,E102,2024-01-01,30,Male,Higher Secondary,Employed,1,49,28044,False,
HIST_00439,PLFS_2026,Trichy,E104,2025-03-01,36,Female,Graduate,Employed,5,57,35363,False,
HIST_00440,PLFS_2026,Trichy,E103,2024-12-01,57,Male,Graduate,Employed,4,45,19028,False,
HIST_00441,PLFS_2026,Coimbatore,E102,2024-04-01,35,Male,Higher Secondary,Employed,2,62,21226,False,
HIST_00442,PLFS_2026,Coimbatore,E104,2025-05-01,39,Female,Higher Secondary,Employed,4,45,29458,False,
HIST_00443,PLFS_2026,Coimbatore,E108,2024-11-01,30,Male,Higher Secondary,Employed,4,39,16191,False,
HIST_00444,PLFS_2026,Chennai,E101,2024-11-01,30,Male,Secondary,Self-Employed,3,41,15507,False,
HIST_00445,PLFS_2026,Madurai,E103,2025-06-01,21,Male,Higher Secondary,Employed,3,32,25344,False,
HIST_00446,PLFS_2026,Coimbatore,E104,2025-01-01,38,Male,Secondary,Unemployed,2,0,0,False,
HIST_00447,PLFS_2026,Coimbatore,E107,2024-01-01,41,Male,Graduate,Employed,5,29,28644,False,
HIST_00448,PLFS_2026,Coimbatore,E101,2025-11-01,36,Male,Secondary,Employed,4,46,15292,False,
HIST_00449,PLFS_2026,Chennai,E102,2025-06-01,34,Male,Higher Secondary,Employed,2,53,22093,False,
HIST_00450,PLFS_2026,Coimbatore,E102,2024-09-01,60,Female,Post Graduate,Self-Employed,3,39,26495,False,
HIST_00451,PLFS_2026,Salem,E107,2025-08-01,18,Female,Post Graduate,Employed,1,47,41866,False,
HIST_00452,PLFS_2026,Salem,E108,2025-08-01,19,Male,Higher Secondary,Self-Employed,5,41,22645,False,
HIST_00453,PLFS_2026,Trichy,E102,2025-10-01,57,Male,Higher Secondary,Employed,5,42,18078,False,
HIST_00454,PLFS_2026,Salem,E102,2024-06-01,18,Female,Secondary,Employed,3,43,14446,False,
HIST_00455,PLFS_2026,Coimbatore,E103,2025-07-01,36,Female,Graduate,Employed,4,43,24359,False,
HIST_00456,PLFS_2026,Trichy,E103,2025-06-01,40,Male,Graduate,Employed,4,36,35901,False,
HIST_00457,PLFS_2026,Madurai,E106,2025-03-01,36,Male,Higher Secondary,Self-Employed,4,50,23026,False,
HIST_00458,PLFS_2026,Coimbatore,E103,2024-07-01,49,Female,Post Graduate,Employed,4,40,40747,False,
HIST_00459,PLFS_2026,Coimbatore,E107,2025-10-01,24,Female,Graduate,Unemployed,4,0,0,False,
HIST_00460,PLFS_2026,Coimbatore,E108,2024-06-01,36,Male,Post Graduate,Employed,1,40,38705,False,
HIST_00461,PLFS_2026,Madurai,E105,2024-02-01,39,Female,Secondary,Employed,2,55,14881,False,
HIST_00462,PLFS_2026,Madurai,E108,2025-07-01,49,Female,Post Graduate,Employed,4,39,51492,False,
HIST_00463,PLFS_2026,Trichy,E102,2024-09-01,23,Female,Post Graduate,Self-Employed,5,53,32903,False,
HIST_00464,PLFS_2026,Chennai,E108,2025-06-01,54,Male,Graduate,Employed,3,47,29457,False,
HIST_00465,PLFS_2026,Madurai,E105,2024-02-01,36,Female,Higher Secondary,Employed,5,51,14306,False,
HIST_00466,PLFS_2026,Chennai,E108,2024-04-01,53,Male,Secondary,Self-Employed,1,53,22056,False,
HIST_00467,PLFS_2026,Trichy,E106,2025-11-01,24,Female,Secondary,Unemployed,3,0,0,False,
HIST_00468,PLFS_2026,Madurai,E104,2024-02-01,34,Female,Post Graduate,Employed,5,55,48607,False,
HIST_00469,PLFS_2026,Trichy,E103,2024-11-01,31,Female,Higher Secondary,Employed,3,31,18454,False,
HIST_00470,PLFS_2026,Trichy,E102,2024-05-01,49,Female,Below Primary,Self-Employed,6,35,10578,False,
HIST_00471,PLFS_2026,Madurai,E103,2024-08-01,37,Male,Higher Secondary,Self-Employed,4,38,23865,False,
HIST_00472,PLFS_2026,Coimbatore,E108,2024-05-01,32,Female,Graduate,Employed,3,49,28035,False,
HIST_00473,PLFS_2026,Chennai,E102,2025-01-01,32,Female,Higher Secondary,Employed,3,44,20371,False,
HIST_00474,PLFS_2026,Coimbatore,E106,2025-07-01,34,Male,Below Primary,Unemployed,6,0,0,False,
HIST_00475,PLFS_2026,Coimbatore,E106,2024-03-01,46,Female,Secondary,Self-Employed,3,54,19330,False,
HIST_00476,PLFS_2026,Madurai,E108,2024-09-01,36,Female,Higher Secondary,Employed,4,32,17042,False,
HIST_00477,PLFS_2026,Trichy,E103,2025-07-01,23,Female,Higher Secondary,Self-Employed,4,58,31817,False,
HIST_00478,PLFS_2026,Chennai,E101,2024-04-01,45,Female,Below Primary,Employed,4,30,10697,False,
HIST_00479,PLFS_2026,Madurai,E108,2025-03-01,28,Male,Graduate,Employed,3,43,25356,False,
HIST_00480,PLFS_2026,Madurai,E105,2024-06-01,18,Female,Below Primary,Unemployed,4,0,0,False,
HIST_00481,PLFS_2026,Salem,E102,2024-12-01,62,Male,Below Primary,Employed,2,24,11313,False,
HIST_00482,PLFS_2026,Salem,E104,2025-02-01,51,Male,Below Primary,Employed,6,35,13192,False,
HIST_00483,PLFS_2026,Coimbatore,E102,2024-05-01,32,Male,Post Graduate,Unemployed,3,0,0,False,
HIST_00484,PLFS_2026,Chennai,E101,2025-11-01,41,Female,Below Primary,Self-Employed,4,53,12235,False,
HIST_00485,PLFS_2026,Coimbatore,E103,2025-04-01,41,Male,Secondary,Employed,3,47,16764,False,
HIST_00486,PLFS_2026,Chennai,E102,2024-11-01,45,Female,Higher Secondary,Employed,3,48,21871,False,
HIST_00487,PLFS_2026,Madurai,E103,2024-03-01,51,Male,Post Graduate,Unemployed,3,0,0,False,
HIST_00488,PLFS_2026,Coimbatore,E106,2025-12-01,27,Male,Secondary,Self-Employed,3,40,22947,False,
HIST_00489,PLFS_2026,Trichy,E108,2024-07-01,18,Male,Below Primary,Employed,8,53,12535,False,
HIST_00490,PLFS_2026,Chennai,E107,2024-12-01,37,Female,Higher Secondary,Self-Employed,4,49,24838,False,
HIST_00491,PLFS_2026,Madurai,E105,2025-09-01,44,Male,Secondary,Employed,4,43,17455,False,
HIST_00492,PLFS_2026,Trichy,E105,2025-11-01,35,Male,Higher Secondary,Employed,5,49,9062,False,
HIST_00493,PLFS_2026,Trichy,E104,2025-12-01,45,Female,Higher Secondary,Unemployed,4,0,0,False,
HIST_00494,PLFS_2026,Madurai,E108,2025-01-01,51,Male,Secondary,Employed,5,38,19465,False,
HIST_00495,PLFS_2026,Trichy,E102,2025-05-01,26,Male,Higher Secondary,Self-Employed,2,39,25794,False,
HIST_00496,PLFS_2026,Madurai,E107,2025-07-01,49,Female,Higher Secondary,Employed,4,50,24271,False,
HIST_00497,PLFS_2026,Madurai,E108,2024-03-01,30,Male,Post Graduate,Employed,4,51,43732,False,
HIST_00498,PLFS_2026,Salem,E104,2024-02-01,52,Male,Graduate,Employed,4,47,33992,False,
HIST_00499,PLFS_2026,Trichy,E107,2025-02-01,37,Female,Below Primary,Unemployed,2,0,0,False,
HIST_00500,PLFS_2026,Trichy,E103,2024-09-01,29,Male,Higher Secondary,Employed,3,38,20644,False,
HIST_00501,PLFS_2026,Madurai,E103,2025-06-01,18,Female,Graduate,Employed,4,45,23424,False,
HIST_00502,PLFS_2026,Chennai,E105,2025-11-01,45,Female,Secondary,Employed,5,32,15254,False,
HIST_00503,PLFS_2026,Chennai,E107,2024-04-01,28,Female,Post Graduate,Unemployed,2,0,0,False,
HIST_00504,PLFS_2026,Salem,E103,2024-04-01,34,Male,Secondary,Unemployed,1,0,0,False,
HIST_00505,PLFS_2026,Madurai,E108,2024-12-01,38,Female,Secondary,Employed,4,55,13288,False,
HIST_00506,PLFS_2026,Salem,E102,2024-01-01,18,Female,Graduate,Employed,4,59,34938,False,
HIST_00507,PLFS_2026,Chennai,E105,2025-11-01,40,Male,Graduate,Employed,3,51,22548,False,
HIST_00508,PLFS_2026,Salem,E101,2025-04-01,43,Male,Higher Secondary,Employed,4,53,34142,False,
HIST_00509,PLFS_2026,Chennai,E102,2024-08-01,42,Male,Below Primary,Self-Employed,3,44,7754,False,
HIST_00510,PLFS_2026,Chennai,E104,2024-02-01,29,Female,Higher Secondary,Employed,3,40,22670,False,
HIST_00511,PLFS_2026,Madurai,E103,2024-02-01,28,Female,Secondary,Employed,5,45,17966,False,
HIST_00512,PLFS_2026,Coimbatore,E106,2024-09-01,34,Male,Post Graduate,Employed,4,51,31409,False,
HIST_00513,PLFS_2026,Trichy,E101,2024-06-01,30,Male,Post Graduate,Self-Employed,3,34,31773,False,
HIST_00514,PLFS_2026,Coimbatore,E102,2025-03-01,32,Female,Higher Secondary,Employed,5,47,22851,False,
HIST_00515,PLFS_2026,Trichy,E108,2024-01-01,48,Female,Secondary,Employed,3,48,17628,False,
HIST_00516,PLFS_2026,Salem,E104,2025-03-01,41,Female,Post Graduate,Self-Employed,3,25,36979,False,
HIST_00517,PLFS_2026,Madurai,E104,2024-05-01,55,Male,Graduate,Employed,5,52,34922,False,
HIST_00518,PLFS_2026,Trichy,E106,2025-09-01,39,Male,Higher Secondary,Employed,4,40,20609,False,
HIST_00519,PLFS_2026,Coimbatore,E105,2024-04-01,45,Male,Post Graduate,Self-Employed,5,43,34578,False,
HIST_00520,PLFS_2026,Coimbatore,E108,2024-02-01,38,Male,Higher Secondary,Employed,4,33,11896,False,
HIST_00521,PLFS_2026,Madurai,E107,2025-11-01,31,Female,Graduate,Self-Employed,2,40,27172,False,
HIST_00522,PLFS_2026,Chennai,E102,2025-05-01,32,Male,Graduate,Employed,5,47,29682,False,
HIST_00523,PLFS_2026,Trichy,E101,2025-02-01,45,Male,Secondary,Employed,2,53,17727,False,
HIST_00524,PLFS_2026,Salem,E107,2025-11-01,46,Female,Higher Secondary,Employed,2,32,25598,False,
HIST_00525,PLFS_2026,Madurai,E102,2024-07-01,42,Male,Post Graduate,Employed,2,38,46553,False,
HIST_00526,PLFS_2026,Chennai,E103,2025-03-01,23,Female,Higher Secondary,Employed,6,37,24808,False,
HIST_00527,PLFS_2026,Trichy,E106,2024-07-01,34,Female,Higher Secondary,Employed,4,40,21283,False,
HIST_00528,PLFS_2026,Chennai,E102,2024-06-01,38,Female,Post Graduate,Employed,2,50,34099,False,
HIST_00529,PLFS_2026,Salem,E103,2024-03-01,35,Male,Higher Secondary,Employed,2,24,21159,False,
HIST_00530,PLFS_2026,Chennai,E105,2024-09-01,65,Male,Below Primary,Self-Employed,5,44,11369,False,
HIST_00531,PLFS_2026,Coimbatore,E104,2024-04-01,38,Female,Below Primary,Self-Employed,4,35,14674,False,
HIST_00532,PLFS_2026,Madurai,E102,2024-01-01,46,Male,Secondary,Employed,4,48,18070,False,
HIST_00533,PLFS_2026,Coimbatore,E106,2025-10-01,46,Male,Post Graduate,Employed,4,42,33640,False,
HIST_00534,PLFS_2026,Chennai,E101,2024-03-01,39,Male,Graduate,Self-Employed,6,35,19781,False,
HIST_00535,PLFS_2026,Chennai,E106,2024-04-01,39,Male,Graduate,Employed,4,46,29366,False,
HIST_00536,PLFS_2026,Trichy,E107,2025-12-01,35,Female,Graduate,Employed,5,32,23360,False,
HIST_00537,PLFS_2026,Coimbatore,E103,2024-12-01,36,Male,Secondary,Employed,1,43,23981,False,
HIST_00538,PLFS_2026,Coimbatore,E103,2024-02-01,38,Male,Higher Secondary,Employed,4,34,19288,False,
HIST_00539,PLFS_2026,Trichy,E108,2024-02-01,33,Male,Higher Secondary,Employed,3,55,24453,False,
HIST_00540,PLFS_2026,Coimbatore,E104,2025-09-01,24,Male,Post Graduate,Self-Employed,4,48,46665,False,
HIST_00541,PLFS_2026,Coimbatore,E106,2025-04-01,56,Female,Higher Secondary,Self-Employed,2,38,16466,False,
HIST_00542,PLFS_2026,Trichy,E106,2025-01-01,35,Female,Secondary,Employed,4,52,17726,False,
HIST_00543,PLFS_2026,Trichy,E104,2024-01-01,34,Female,Below Primary,Self-Employed,4,38,17014,False,
HIST_00544,PLFS_2026,Coimbatore,E106,2025-07-01,18,Male,Secondary,Employed,4,61,18024,False,
HIST_00545,PLFS_2026,Madurai,E105,2025-06-01,35,Male,Secondary,Employed,3,43,22942,False,
HIST_00546,PLFS_2026,Coimbatore,E106,2024-06-01,18,Male,Secondary,Employed,5,33,17040,False,
HIST_00547,PLFS_2026,Salem,E101,2025-11-01,32,Female,Post Graduate,Employed,4,32,41512,False,
HIST_00548,PLFS_2026,Trichy,E104,2025-04-01,62,Female,Secondary,Employed,2,46,15616,False,
HIST_00549,PLFS_2026,Chennai,E101,2024-08-01,43,Male,Below Primary,Employed,4,39,13170,False,
HIST_00550,PLFS_2026,Chennai,E106,2025-08-01,59,Male,Secondary,Employed,3,50,13344,False,
HIST_00551,PLFS_2026,Madurai,E106,2024-02-01,26,Male,Secondary,Employed,4,56,19280,False,
HIST_00552,PLFS_2026,Madurai,E102,2025-05-01,34,Female,Below Primary,Employed,3,34,13450,False,
HIST_00553,PLFS_2026,Coimbatore,E102,2024-11-01,48,Female,Higher Secondary,Employed,3,41,23169,False,
HIST_00554,PLFS_2026,Madurai,E107,2025-09-01,32,Female,Higher Secondary,Employed,3,61,20913,False,
HIST_00555,PLFS_2026,Trichy,E106,2024-08-01,33,Male,Graduate,Employed,3,50,26985,False,
HIST_00556,PLFS_2026,Salem,E103,2024-06-01,30,Male,Post Graduate,Employed,5,56,33436,False,
HIST_00557,PLFS_2026,Trichy,E101,2024-06-01,18,Female,Post Graduate,Employed,5,39,44008,False,
HIST_00558,PLFS_2026,Trichy,E102,2025-04-01,18,Male,Higher Secondary,Unemployed,5,0,0,False,
HIST_00559,PLFS_2026,Madurai,E106,2024-11-01,38,Male,Below Primary,Self-Employed,2,41,13647,False,
HIST_00560,PLFS_2026,Salem,E108,2024-01-01,39,Female,Secondary,Employed,4,60,12368,False,
HIST_00561,PLFS_2026,Chennai,E106,2024-09-01,57,Male,Below Primary,Employed,4,37,8807,False,
HIST_00562,PLFS_2026,Coimbatore,E107,2024-06-01,35,Female,Graduate,Self-Employed,5,43,36462,False,
HIST_00563,PLFS_2026,Salem,E107,2024-04-01,20,Female,Post Graduate,Unemployed,3,0,0,False,
HIST_00564,PLFS_2026,Madurai,E103,2025-03-01,48,Male,Below Primary,Employed,3,24,12477,False,
HIST_00565,PLFS_2026,Salem,E105,2024-04-01,43,Male,Higher Secondary,Employed,4,54,17287,False,
HIST_00566,PLFS_2026,Coimbatore,E103,2025-12-01,46,Male,Post Graduate,Self-Employed,5,30,40429,False,
HIST_00567,PLFS_2026,Chennai,E106,2025-08-01,31,Female,Below Primary,Employed,3,47,10830,False,
HIST_00568,PLFS_2026,Madurai,E107,2024-06-01,29,Male,Below Primary,Employed,4,36,9394,False,
HIST_00569,PLFS_2026,Madurai,E107,2025-11-01,46,Female,Higher Secondary,Employed,2,50,24035,False,
HIST_00570,PLFS_2026,Chennai,E101,2025-01-01,18,Female,Secondary,Employed,3,54,14467,False,
HIST_00571,PLFS_2026,Chennai,E107,2024-03-01,32,Female,Post Graduate,Employed,4,51,36088,False,
HIST_00572,PLFS_2026,Chennai,E101,2024-07-01,30,Male,Higher Secondary,Self-Employed,5,58,26306,False,
HIST_00573,PLFS_2026,Coimbatore,E102,2024-10-01,39,Female,Graduate,Employed,2,38,30926,False,
HIST_00574,PLFS_2026,Salem,E102,2025-09-01,43,Female,Secondary,Employed,5,50,12588,False,
HIST_00575,PLFS_2026,Coimbatore,E106,2024-06-01,50,Female,Below Primary,Employed,2,41,12600,False,
HIST_00576,PLFS_2026,Coimbatore,E105,2024-08-01,61,Female,Post Graduate,Employed,8,49,36607,False,
HIST_00577,PLFS_2026,Chennai,E102,2025-10-01,44,Female,Post Graduate,Employed,5,42,51643,False,
HIST_00578,PLFS_2026,Trichy,E104,2025-06-01,40,Male,Graduate,Self-Employed,4,50,30360,False,
HIST_00579,PLFS_2026,Coimbatore,E108,2025-07-01,48,Male,Graduate,Employed,3,40,21839,False,
HIST_00580,PLFS_2026,Coimbatore,E101,2025-05-01,43,Male,Below Primary,Self-Employed,5,48,16018,False,
HIST_00581,PLFS_2026,Coimbatore,E103,2024-06-01,37,Male,Secondary,Employed,4,36,16606,False,
HIST_00582,PLFS_2026,Coimbatore,E102,2025-10-01,46,Female,Secondary,Self-Employed,5,42,17742,False,
HIST_00583,PLFS_2026,Madurai,E105,2024-11-01,19,Male,Below Primary,Employed,3,52,13380,False,
HIST_00584,PLFS_2026,Coimbatore,E106,2024-09-01,44,Female,Below Primary,Self-Employed,4,45,10415,False,
HIST_00585,PLFS_2026,Trichy,E107,2024-04-01,46,Female,Secondary,Employed,4,48,16106,False,
HIST_00586,PLFS_2026,Trichy,E102,2024-04-01,18,Male,Higher Secondary,Self-Employed,5,41,18203,False,
HIST_00587,PLFS_2026,Salem,E107,2024-09-01,46,Female,Graduate,Employed,3,53,31455,False,
HIST_00588,PLFS_2026,Coimbatore,E101,2024-06-01,46,Female,Graduate,Employed,2,54,29463,False,
HIST_00589,PLFS_2026,Trichy,E107,2024-02-01,33,Female,Higher Secondary,Unemployed,4,0,0,False,
HIST_00590,PLFS_2026,Chennai,E108,2024-09-01,25,Female,Below Primary,Employed,2,32,14670,False,
HIST_00591,PLFS_2026,Salem,E105,2024-09-01,30,Female,Below Primary,Self-Employed,5,40,7902,False,
HIST_00592,PLFS_2026,Madurai,E103,2024-10-01,24,Female,Higher Secondary,Employed,5,43,19587,False,
HIST_00593,PLFS_2026,Coimbatore,E102,2024-07-01,39,Female,Secondary,Self-Employed,4,53,23214,False,
HIST_00594,PLFS_2026,Coimbatore,E108,2025-05-01,33,Female,Below Primary,Employed,2,41,12624,False,
HIST_00595,PLFS_2026,Madurai,E102,2024-10-01,26,Female,Secondary,Self-Employed,2,47,17824,False,
HIST_00596,PLFS_2026,Trichy,E101,2024-06-01,38,Male,Secondary,Self-Employed,3,43,14672,False,
HIST_00597,PLFS_2026,Madurai,E101,2025-03-01,48,Male,Higher Secondary,Unemployed,5,0,0,False,
HIST_00598,PLFS_2026,Salem,E106,2025-03-01,20,Female,Below Primary,Unemployed,3,0,0,False,
HIST_00599,PLFS_2026,Madurai,E106,2025-04-01,26,Female,Secondary,Self-Employed,2,46,18249,False,
HIST_00600,PLFS_2026,Coimbatore,E106,2024-12-01,29,Male,Higher Secondary,Unemployed,4,0,0,False,
HIST_00601,PLFS_2026,Chennai,E105,2024-01-01,58,Female,Below Primary,Employed,5,34,13991,False,
HIST_00602,PLFS_2026,Trichy,E104,2024-08-01,47,Male,Secondary,Employed,2,51,23536,False,
HIST_00603,PLFS_2026,Coimbatore,E101,2025-10-01,24,Male,Graduate,Self-Employed,2,53,29520,False,
HIST_00604,PLFS_2026,Madurai,E101,2024-08-01,44,Female,Post Graduate,Self-Employed,4,48,27918,False,
HIST_00605,PLFS_2026,Salem,E105,2025-02-01,50,Female,Higher Secondary,Employed,5,43,21808,False,
HIST_00606,PLFS_2026,Madurai,E108,2024-10-01,19,Female,Post Graduate,Employed,4,49,37527,False,
HIST_00607,PLFS_2026,Trichy,E106,2025-06-01,51,Female,Higher Secondary,Unemployed,3,0,0,False,
HIST_00608,PLFS_2026,Coimbatore,E102,2024-11-01,37,Female,Higher Secondary,Self-Employed,3,46,20374,False,
HIST_00609,PLFS_2026,Salem,E105,2024-07-01,36,Male,Post Graduate,Self-Employed,5,41,25790,False,
HIST_00610,PLFS_2026,Chennai,E107,2025-10-01,58,Female,Secondary,Unemployed,5,0,0,False,
HIST_00611,PLFS_2026,Coimbatore,E105,2024-09-01,31,Female,Graduate,Employed,4,47,26687,False,
HIST_00612,PLFS_2026,Chennai,E104,2024-11-01,28,Male,Post Graduate,Unemployed,3,0,0,False,
HIST_00613,PLFS_2026,Coimbatore,E106,2025-05-01,37,Female,Secondary,Self-Employed,3,50,23354,False,
HIST_00614,PLFS_2026,Trichy,E103,2024-10-01,31,Male,Graduate,Employed,4,48,30643,False,
HIST_00615,PLFS_2026,Salem,E103,2025-10-01,38,Female,Below Primary,Employed,4,48,9029,False,
HIST_00616,PLFS_2026,Madurai,E105,2025-02-01,48,Female,Higher Secondary,Employed,5,38,22166,False,
HIST_00617,PLFS_2026,Salem,E108,2024-04-01,46,Female,Below Primary,Self-Employed,3,53,17673,False,
HIST_00618,PLFS_2026,Trichy,E102,2025-04-01,28,Male,Post Graduate,Employed,2,47,43483,False,
HIST_00619,PLFS_2026,Coimbatore,E105,2025-02-01,35,Male,Secondary,Employed,5,34,20494,False,
HIST_00620,PLFS_2026,Madurai,E106,2025-02-01,30,Female,Secondary,Employed,6,60,15240,False,
HIST_00621,PLFS_2026,Madurai,E102,2025-04-01,31,Female,Secondary,Employed,5,41,17836,False,
HIST_00622,PLFS_2026,Chennai,E101,2025-03-01,38,Female,Secondary,Self-Employed,1,44,15516,False,
HIST_00623,PLFS_2026,Madurai,E103,2025-04-01,32,Male,Secondary,Unemployed,5,0,0,False,
HIST_00624,PLFS_2026,Coimbatore,E107,2025-02-01,34,Female,Graduate,Employed,3,51,29904,False,
HIST_00625,PLFS_2026,Trichy,E104,2025-12-01,44,Female,Below Primary,Self-Employed,5,42,10530,False,
HIST_00626,PLFS_2026,Trichy,E104,2024-01-01,24,Male,Secondary,Employed,2,68,22480,False,
HIST_00627,PLFS_2026,Salem,E105,2024-05-01,21,Male,Graduate,Employed,2,48,31064,False,
HIST_00628,PLFS_2026,Salem,E103,2024-03-01,44,Male,Higher Secondary,Self-Employed,3,43,23442,False,
HIST_00629,PLFS_2026,Coimbatore,E106,2025-02-01,39,Male,Higher Secondary,Self-Employed,1,43,18253,False,
HIST_00630,PLFS_2026,Coimbatore,E106,2024-07-01,40,Male,Graduate,Employed,7,47,26244,False,
HIST_00631,PLFS_2026,Madurai,E103,2024-07-01,49,Male,Post Graduate,Employed,4,48,42612,False,
HIST_00632,PLFS_2026,Chennai,E106,2025-11-01,62,Male,Graduate,Self-Employed,2,48,22812,False,
HIST_00633,PLFS_2026,Salem,E101,2025-08-01,44,Male,Below Primary,Unemployed,2,0,0,False,
HIST_00634,PLFS_2026,Chennai,E101,2025-11-01,49,Male,Graduate,Employed,5,35,28307,False,
HIST_00635,PLFS_2026,Chennai,E105,2025-04-01,29,Male,Secondary,Unemployed,2,0,0,False,
HIST_00636,PLFS_2026,Chennai,E105,2025-02-01,65,Male,Post Graduate,Employed,4,33,33707,False,
HIST_00637,PLFS_2026,Trichy,E103,2025-02-01,50,Male,Post Graduate,Unemployed,6,0,0,False,
HIST_00638,PLFS_2026,Chennai,E105,2024-04-01,60,Male,Graduate,Employed,4,38,30993,False,
HIST_00639,PLFS_2026,Madurai,E105,2025-05-01,18,Male,Higher Secondary,Unemployed,4,0,0,False,
HIST_00640,PLFS_2026,Salem,E103,2024-02-01,25,Female,Secondary,Unemployed,4,0,0,False,
HIST_00641,PLFS_2026,Coimbatore,E106,2024-08-01,27,Male,Below Primary,Unemployed,3,0,0,False,
HIST_00642,PLFS_2026,Chennai,E108,2024-05-01,48,Male,Post Graduate,Employed,3,45,26990,False,
HIST_00643,PLFS_2026,Chennai,E105,2025-09-01,34,Male,Graduate,Self-Employed,3,65,21772,False,
HIST_00644,PLFS_2026,Salem,E105,2025-03-01,55,Male,Below Primary,Self-Employed,5,47,16220,False,
HIST_00645,PLFS_2026,Chennai,E105,2024-12-01,42,Female,Graduate,Unemployed,4,0,0,False,
HIST_00646,PLFS_2026,Chennai,E101,2024-01-01,51,Male,Secondary,Employed,3,34,17269,False,
HIST_00647,PLFS_2026,Coimbatore,E105,2025-12-01,28,Male,Higher Secondary,Self-Employed,3,54,19987,False,
HIST_00648,PLFS_2026,Madurai,E102,2025-01-01,37,Female,Graduate,Employed,4,51,15417,False,
HIST_00649,PLFS_2026,Coimbatore,E108,2025-02-01,30,Male,Below Primary,Employed,4,54,10819,False,
HIST_00650,PLFS_2026,Chennai,E103,2024-04-01,18,Female,Post Graduate,Employed,4,39,28958,False,
HIST_00651,PLFS_2026,Trichy,E108,2024-06-01,30,Female,Higher Secondary,Unemployed,3,0,0,False,
HIST_00652,PLFS_2026,Madurai,E108,2025-04-01,48,Male,Graduate,Employed,5,50,21628,False,
HIST_00653,PLFS_2026,Chennai,E105,2025-09-01,35,Female,Below Primary,Unemployed,3,0,0,False,
HIST_00654,PLFS_2026,Trichy,E104,2025-10-01,29,Female,Post Graduate,Employed,4,48,49064,False,
HIST_00655,PLFS_2026,Trichy,E102,2025-02-01,46,Male,Graduate,Employed,5,45,35898,False,
HIST_00656,PLFS_2026,Coimbatore,E103,2025-06-01,42,Male,Below Primary,Unemployed,2,0,0,False,
HIST_00657,PLFS_2026,Madurai,E108,2025-04-01,32,Male,Below Primary,Self-Employed,3,47,13111,False,
HIST_00658,PLFS_2026,Salem,E104,2024-11-01,40,Female,Below Primary,Employed,4,58,14571,False,
HIST_00659,PLFS_2026,Trichy,E107,2025-01-01,40,Male,Below Primary,Employed,5,36,12955,False,
HIST_00660,PLFS_2026,Trichy,E108,2024-03-01,59,Female,Graduate,Employed,3,38,24348,False,
HIST_00661,PLFS_2026,Coimbatore,E101,2024-04-01,24,Female,Graduate,Employed,2,42,20128,False,
HIST_00662,PLFS_2026,Trichy,E101,2024-03-01,38,Female,Post Graduate,Employed,5,37,49546,False,
HIST_00663,PLFS_2026,Coimbatore,E106,2024-12-01,44,Male,Secondary,Self-Employed,5,39,21076,False,
HIST_00664,PLFS_2026,Salem,E108,2025-11-01,24,Female,Graduate,Employed,5,46,31098,False,
HIST_00665,PLFS_2026,Madurai,E101,2024-11-01,23,Female,Higher Secondary,Employed,2,49,17827,False,
HIST_00666,PLFS_2026,Salem,E102,2024-02-01,43,Male,Graduate,Employed,2,51,21097,False,
HIST_00667,PLFS_2026,Coimbatore,E102,2024-09-01,44,Male,Secondary,Employed,4,39,20095,False,
HIST_00668,PLFS_2026,Coimbatore,E104,2025-03-01,41,Male,Higher Secondary,Employed,3,36,13364,False,
HIST_00669,PLFS_2026,Coimbatore,E101,2025-09-01,42,Male,Graduate,Employed,1,45,26524,False,
HIST_00670,PLFS_2026,Trichy,E103,2025-04-01,46,Male,Post Graduate,Unemployed,3,0,0,False,
HIST_00671,PLFS_2026,Trichy,E107,2025-07-01,42,Female,Post Graduate,Self-Employed,4,48,26329,False,
HIST_00672,PLFS_2026,Madurai,E103,2025-12-01,47,Male,Below Primary,Employed,4,36,11414,False,
HIST_00673,PLFS_2026,Trichy,E106,2025-05-01,37,Female,Graduate,Self-Employed,3,47,36015,False,
HIST_00674,PLFS_2026,Madurai,E105,2025-01-01,50,Female,Higher Secondary,Employed,2,49,27847,False,
HIST_00675,PLFS_2026,Madurai,E103,2025-02-01,42,Female,Post Graduate,Self-Employed,5,61,45780,False,
HIST_00676,PLFS_2026,Trichy,E104,2024-07-01,40,Male,Post Graduate,Unemployed,5,0,0,False,
HIST_00677,PLFS_2026,Salem,E103,2025-11-01,33,Male,Post Graduate,Employed,6,38,49645,False,
HIST_00678,PLFS_2026,Salem,E102,2024-12-01,43,Female,Post Graduate,Employed,2,47,22039,False,
HIST_00679,PLFS_2026,Coimbatore,E105,2025-02-01,45,Male,Post Graduate,Employed,5,40,38938,False,
HIST_00680,PLFS_2026,Coimbatore,E103,2024-02-01,61,Male,Secondary,Employed,3,36,23333,False,
HIST_00681,PLFS_2026,Madurai,E105,2025-10-01,61,Female,Secondary,Self-Employed,4,53,22829,False,
HIST_00682,PLFS_2026,Salem,E104,2025-06-01,29,Male,Higher Secondary,Self-Employed,3,54,29414,False,
HIST_00683,PLFS_2026,Chennai,E104,2025-12-01,44,Female,Secondary,Employed,2,60,16088,False,
HIST_00684,PLFS_2026,Salem,E101,2025-01-01,33,Female,Graduate,Self-Employed,4,57,32782,False,
HIST_00685,PLFS_2026,Salem,E101,2024-01-01,42,Female,Secondary,Unemployed,4,0,0,False,
HIST_00686,PLFS_2026,Coimbatore,E104,2025-09-01,18,Female,Post Graduate,Employed,3,46,29252,False,
HIST_00687,PLFS_2026,Trichy,E104,2025-12-01,42,Male,Higher Secondary,Employed,3,59,28921,False,
HIST_00688,PLFS_2026,Chennai,E103,2024-06-01,32,Male,Graduate,Employed,3,44,25470,False,
HIST_00689,PLFS_2026,Salem,E105,2024-05-01,40,Male,Post Graduate,Self-Employed,3,35,42732,False,
HIST_00690,PLFS_2026,Chennai,E106,2025-03-01,45,Male,Below Primary,Employed,2,52,10484,False,
HIST_00691,PLFS_2026,Salem,E101,2025-09-01,41,Female,Graduate,Self-Employed,5,44,30546,False,
HIST_00692,PLFS_2026,Trichy,E106,2024-03-01,31,Female,Post Graduate,Employed,3,43,32326,False,
HIST_00693,PLFS_2026,Madurai,E102,2025-05-01,35,Male,Graduate,Employed,1,41,26404,False,
HIST_00694,PLFS_2026,Coimbatore,E102,2024-12-01,34,Male,Secondary,Unemployed,3,0,0,False,
HIST_00695,PLFS_2026,Salem,E106,2024-10-01,48,Male,Post Graduate,Employed,3,35,30080,False,
HIST_00696,PLFS_2026,Trichy,E101,2024-04-01,32,Female,Graduate,Employed,3,38,20741,False,
HIST_00697,PLFS_2026,Trichy,E104,2024-02-01,32,Female,Graduate,Self-Employed,4,49,24878,False,
HIST_00698,PLFS_2026,Chennai,E107,2024-09-01,33,Female,Below Primary,Self-Employed,2,44,9963,False,
HIST_00699,PLFS_2026,Salem,E108,2025-04-01,44,Male,Higher Secondary,Self-Employed,1,42,23324,False,
HIST_00700,PLFS_2026,Madurai,E106,2025-05-01,40,Male,Below Primary,Employed,7,47,9590,False,
HIST_00701,PLFS_2026,Trichy,E101,2025-09-01,36,Male,Secondary,Unemployed,1,0,0,False,
HIST_00702,PLFS_2026,Madurai,E107,2024-04-01,48,Male,Post Graduate,Self-Employed,3,44,33169,False,
HIST_00703,PLFS_2026,Coimbatore,E102,2025-12-01,58,Male,Below Primary,Employed,3,59,13953,False,
HIST_00704,PLFS_2026,Salem,E101,2024-03-01,43,Male,Below Primary,Employed,4,48,7373,False,
HIST_00705,PLFS_2026,Salem,E102,2025-07-01,34,Male,Higher Secondary,Employed,5,44,15817,False,
HIST_00706,PLFS_2026,Coimbatore,E107,2025-02-01,37,Female,Below Primary,Employed,6,54,11851,False,
HIST_00707,PLFS_2026,Chennai,E101,2025-09-01,49,Male,Post Graduate,Employed,3,31,30974,False,
HIST_00708,PLFS_2026,Chennai,E106,2025-05-01,56,Male,Higher Secondary,Self-Employed,3,43,20680,False,
HIST_00709,PLFS_2026,Salem,E102,2024-10-01,60,Female,Graduate,Employed,6,62,27109,False,
HIST_00710,PLFS_2026,Chennai,E108,2024-06-01,41,Male,Secondary,Unemployed,2,0,0,False,
HIST_00711,PLFS_2026,Trichy,E105,2025-09-01,40,Male,Higher Secondary,Unemployed,2,0,0,False,
HIST_00712,PLFS_2026,Salem,E101,2025-06-01,30,Male,Below Primary,Employed,3,40,14000,False,
HIST_00713,PLFS_2026,Trichy,E107,2025-06-01,24,Male,Higher Secondary,Employed,4,54,19741,False,
HIST_00714,PLFS_2026,Salem,E104,2025-02-01,29,Male,Secondary,Employed,3,54,18698,False,
HIST_00715,PLFS_2026,Trichy,E105,2024-07-01,31,Male,Secondary,Unemployed,4,0,0,False,
HIST_00716,PLFS_2026,Trichy,E101,2025-06-01,42,Female,Post Graduate,Employed,3,38,31261,False,
HIST_00717,PLFS_2026,Chennai,E105,2024-04-01,44,Male,Post Graduate,Employed,5,39,41483,False,
HIST_00718,PLFS_2026,Salem,E106,2024-05-01,18,Male,Below Primary,Employed,3,44,9816,False,
HIST_00719,PLFS_2026,Chennai,E104,2024-11-01,26,Female,Graduate,Employed,3,47,26950,False,
HIST_00720,PLFS_2026,Salem,E103,2025-07-01,18,Female,Higher Secondary,Self-Employed,1,40,24013,False,
HIST_00721,PLFS_2026,Madurai,E101,2024-11-01,18,Male,Secondary,Unemployed,3,0,0,False,
HIST_00722,PLFS_2026,Coimbatore,E105,2024-12-01,33,Male,Higher Secondary,Self-Employed,4,46,12625,False,
HIST_00723,PLFS_2026,Coimbatore,E108,2024-12-01,47,Female,Graduate,Employed,4,49,49986,False,
HIST_00724,PLFS_2026,Madurai,E102,2024-09-01,18,Male,Post Graduate,Employed,6,42,40183,False,
HIST_00725,PLFS_2026,Chennai,E102,2024-01-01,37,Male,Post Graduate,Employed,3,40,40504,False,
HIST_00726,PLFS_2026,Trichy,E104,2024-02-01,19,Female,Post Graduate,Self-Employed,4,41,29411,False,
HIST_00727,PLFS_2026,Trichy,E108,2025-09-01,32,Male,Higher Secondary,Employed,5,40,23577,False,
HIST_00728,PLFS_2026,Trichy,E105,2024-05-01,29,Female,Post Graduate,Employed,4,50,52049,False,
HIST_00729,PLFS_2026,Coimbatore,E106,2025-05-01,35,Male,Secondary,Self-Employed,4,45,22665,False,
HIST_00730,PLFS_2026,Trichy,E103,2025-05-01,29,Male,Graduate,Employed,4,43,27640,False,
HIST_00731,PLFS_2026,Trichy,E103,2025-12-01,39,Female,Higher Secondary,Employed,4,44,22944,False,
HIST_00732,PLFS_2026,Coimbatore,E104,2024-03-01,56,Female,Higher Secondary,Employed,5,51,19995,False,
HIST_00733,PLFS_2026,Madurai,E106,2025-01-01,27,Female,Graduate,Self-Employed,5,52,36246,False,
HIST_00734,PLFS_2026,Chennai,E106,2024-04-01,30,Female,Higher Secondary,Employed,3,31,20273,False,
HIST_00735,PLFS_2026,Trichy,E103,2025-01-01,49,Female,Higher Secondary,Employed,3,50,21161,False,
HIST_00736,PLFS_2026,Chennai,E105,2025-01-01,41,Male,Post Graduate,Employed,2,45,15267,False,
HIST_00737,PLFS_2026,Salem,E108,2025-04-01,35,Male,Post Graduate,Self-Employed,1,54,43908,False,
HIST_00738,PLFS_2026,Coimbatore,E103,2024-08-01,43,Male,Post Graduate,Unemployed,5,0,0,False,
HIST_00739,PLFS_2026,Madurai,E103,2024-06-01,49,Male,Higher Secondary,Unemployed,3,0,0,False,
HIST_00740,PLFS_2026,Chennai,E104,2025-02-01,28,Female,Below Primary,Employed,3,40,9464,False,
HIST_00741,PLFS_2026,Coimbatore,E108,2024-07-01,52,Male,Graduate,Employed,3,47,24806,False,
HIST_00742,PLFS_2026,Chennai,E103,2025-07-01,18,Male,Secondary,Unemployed,4,0,0,False,
HIST_00743,PLFS_2026,Chennai,E103,2024-02-01,21,Male,Higher Secondary,Self-Employed,6,52,22465,False,
HIST_00744,PLFS_2026,Trichy,E107,2025-08-01,53,Male,Higher Secondary,Self-Employed,2,49,22879,False,
HIST_00745,PLFS_2026,Madurai,E108,2025-08-01,41,Female,Graduate,Employed,5,50,29616,False,
HIST_00746,PLFS_2026,Coimbatore,E103,2025-07-01,18,Male,Post Graduate,Unemployed,2,0,0,False,
HIST_00747,PLFS_2026,Salem,E103,2025-12-01,24,Female,Graduate,Employed,7,57,31371,False,
HIST_00748,PLFS_2026,Chennai,E104,2025-01-01,38,Female,Secondary,Employed,3,37,18278,False,
HIST_00749,PLFS_2026,Madurai,E107,2024-05-01,41,Male,Secondary,Employed,2,47,17441,False,
HIST_00750,PLFS_2026,Trichy,E101,2025-06-01,18,Male,Below Primary,Employed,2,41,16530,False,
HIST_00751,PLFS_2026,Madurai,E101,2025-10-01,44,Female,Post Graduate,Employed,2,48,26240,False,
HIST_00752,PLFS_2026,Chennai,E107,2024-08-01,50,Female,Graduate,Employed,3,44,35424,False,
HIST_00753,PLFS_2026,Trichy,E102,2025-02-01,22,Male,Higher Secondary,Employed,2,40,26568,False,
HIST_00754,PLFS_2026,Madurai,E102,2024-10-01,19,Female,Higher Secondary,Employed,1,41,24427,False,
HIST_00755,PLFS_2026,Chennai,E102,2025-05-01,52,Male,Graduate,Unemployed,3,0,0,False,
HIST_00756,PLFS_2026,Salem,E107,2024-12-01,18,Male,Secondary,Employed,3,46,19617,False,
HIST_00757,PLFS_2026,Trichy,E105,2024-09-01,31,Female,Post Graduate,Employed,4,25,32997,False,
HIST_00758,PLFS_2026,Salem,E107,2024-07-01,43,Female,Post Graduate,Self-Employed,2,45,41396,False,
HIST_00759,PLFS_2026,Coimbatore,E103,2024-12-01,33,Female,Higher Secondary,Self-Employed,4,37,21090,False,
HIST_00760,PLFS_2026,Trichy,E106,2025-11-01,45,Female,Secondary,Self-Employed,4,40,18807,False,
HIST_00761,PLFS_2026,Chennai,E104,2025-03-01,46,Male,Below Primary,Employed,1,54,11192,False,
HIST_00762,PLFS_2026,Coimbatore,E106,2025-06-01,43,Male,Secondary,Employed,5,34,15446,False,
HIST_00763,PLFS_2026,Chennai,E102,2024-05-01,34,Female,Post Graduate,Employed,2,58,31488,False,
HIST_00764,PLFS_2026,Chennai,E105,2024-08-01,31,Female,Below Primary,Unemployed,4,0,0,False,
HIST_00765,PLFS_2026,Coimbatore,E107,2025-08-01,41,Female,Post Graduate,Employed,3,44,33977,False,
HIST_00766,PLFS_2026,Madurai,E108,2025-03-01,19,Male,Secondary,Self-Employed,4,59,18066,False,
HIST_00767,PLFS_2026,Trichy,E105,2024-07-01,40,Male,Post Graduate,Employed,4,34,50939,False,
HIST_00768,PLFS_2026,Madurai,E103,2025-10-01,40,Male,Higher Secondary,Employed,6,39,29999,False,
HIST_00769,PLFS_2026,Chennai,E103,2024-03-01,47,Female,Graduate,Employed,4,46,26608,False,
HIST_00770,PLFS_2026,Coimbatore,E107,2025-07-01,52,Male,Post Graduate,Employed,4,29,29509,False,
HIST_00771,PLFS_2026,Chennai,E102,2025-06-01,35,Female,Post Graduate,Self-Employed,4,44,47264,False,
HIST_00772,PLFS_2026,Salem,E106,2024-09-01,18,Male,Post Graduate,Self-Employed,4,30,43773,False,
HIST_00773,PLFS_2026,Coimbatore,E107,2025-07-01,36,Male,Higher Secondary,Employed,4,38,27629,False,
HIST_00774,PLFS_2026,Trichy,E102,2025-06-01,50,Male,Post Graduate,Employed,4,43,42406,False,
HIST_00775,PLFS_2026,Chennai,E105,2025-06-01,29,Female,Graduate,Self-Employed,5,58,33995,False,
HIST_00776,PLFS_2026,Trichy,E108,2024-08-01,29,Female,Graduate,Unemployed,4,0,0,False,
HIST_00777,PLFS_2026,Trichy,E101,2025-04-01,43,Male,Higher Secondary,Employed,1,35,20754,False,
HIST_00778,PLFS_2026,Madurai,E104,2024-11-01,34,Female,Higher Secondary,Employed,2,48,23106,False,
HIST_00779,PLFS_2026,Chennai,E105,2024-08-01,35,Female,Below Primary,Employed,3,53,15972,False,
HIST_00780,PLFS_2026,Salem,E102,2025-06-01,32,Male,Graduate,Employed,3,48,25995,False,
HIST_00781,PLFS_2026,Madurai,E105,2024-06-01,36,Male,Graduate,Unemployed,4,0,0,False,
HIST_00782,PLFS_2026,Madurai,E104,2024-09-01,38,Male,Secondary,Employed,3,44,17864,False,
HIST_00783,PLFS_2026,Madurai,E106,2024-05-01,18,Male,Below Primary,Self-Employed,5,45,13063,False,
HIST_00784,PLFS_2026,Coimbatore,E101,2025-06-01,49,Male,Graduate,Employed,2,48,26501,False,
HIST_00785,PLFS_2026,Salem,E108,2025-07-01,48,Female,Graduate,Employed,1,44,24624,False,
HIST_00786,PLFS_2026,Trichy,E105,2025-01-01,43,Male,Post Graduate,Employed,4,39,32587,False,
HIST_00787,PLFS_2026,Trichy,E107,2025-04-01,36,Male,Post Graduate,Employed,2,51,35194,False,
HIST_00788,PLFS_2026,Madurai,E108,2024-04-01,18,Female,Higher Secondary,Unemployed,3,0,0,False,
HIST_00789,PLFS_2026,Chennai,E104,2025-01-01,23,Male,Higher Secondary,Employed,4,55,23378,False,
HIST_00790,PLFS_2026,Salem,E103,2025-06-01,30,Female,Secondary,Employed,4,41,15499,False,
HIST_00791,PLFS_2026,Trichy,E106,2024-12-01,24,Male,Graduate,Employed,1,41,28885,False,
HIST_00792,PLFS_2026,Coimbatore,E106,2024-12-01,36,Female,Higher Secondary,Employed,3,37,24676,False,
HIST_00793,PLFS_2026,Trichy,E103,2025-07-01,22,Male,Below Primary,Unemployed,5,0,0,False,
HIST_00794,PLFS_2026,Madurai,E107,2025-01-01,20,Male,Secondary,Self-Employed,3,52,19856,False,
HIST_00795,PLFS_2026,Madurai,E108,2024-01-01,49,Male,Graduate,Employed,4,36,26147,False,
HIST_00796,PLFS_2026,Trichy,E106,2025-04-01,28,Female,Higher Secondary,Employed,5,35,25932,False,
HIST_00797,PLFS_2026,Trichy,E101,2025-01-01,48,Male,Secondary,Employed,6,41,20564,False,
HIST_00798,PLFS_2026,Salem,E108,2025-09-01,65,Male,Graduate,Unemployed,3,0,0,False,
HIST_00799,PLFS_2026,Salem,E106,2024-12-01,46,Female,Higher Secondary,Employed,1,42,23924,False,
HIST_00800,PLFS_2026,Chennai,E106,2025-10-01,40,Male,Post Graduate,Employed,4,46,47719,False,
HIST_00801,PLFS_2026,Trichy,E103,2024-10-01,26,Female,Higher Secondary,Unemployed,3,0,0,False,
HIST_00802,PLFS_2026,Coimbatore,E108,2024-03-01,48,Female,Post Graduate,Employed,4,54,29046,False,
HIST_00803,PLFS_2026,Madurai,E103,2025-09-01,58,Female,Graduate,Unemployed,5,0,0,False,
HIST_00804,PLFS_2026,Trichy,E107,2024-03-01,18,Male,Secondary,Employed,3,39,20597,False,
HIST_00805,PLFS_2026,Salem,E106,2025-09-01,25,Female,Higher Secondary,Unemployed,4,0,0,False,
HIST_00806,PLFS_2026,Coimbatore,E105,2025-03-01,41,Female,Post Graduate,Employed,2,38,47497,False,
HIST_00807,PLFS_2026,Coimbatore,E107,2024-06-01,47,Male,Below Primary,Employed,3,41,7138,False,
HIST_00808,PLFS_2026,Madurai,E105,2025-12-01,25,Male,Secondary,Employed,6,34,18682,False,
HIST_00809,PLFS_2026,Chennai,E102,2024-03-01,50,Female,Post Graduate,Employed,2,46,45128,False,
HIST_00810,PLFS_2026,Coimbatore,E102,2024-04-01,38,Female,Post Graduate,Employed,7,31,46046,False,
HIST_00811,PLFS_2026,Coimbatore,E105,2024-08-01,35,Male,Higher Secondary,Employed,5,48,18774,False,
HIST_00812,PLFS_2026,Madurai,E103,2025-05-01,40,Male,Below Primary,Employed,1,49,12715,False,
HIST_00813,PLFS_2026,Salem,E106,2025-04-01,45,Female,Post Graduate,Self-Employed,5,47,39125,False,
HIST_00814,PLFS_2026,Trichy,E108,2024-05-01,27,Male,Post Graduate,Employed,3,54,48916,False,
HIST_00815,PLFS_2026,Trichy,E107,2025-05-01,35,Female,Higher Secondary,Employed,4,37,27160,False,
HIST_00816,PLFS_2026,Madurai,E102,2025-03-01,45,Female,Higher Secondary,Employed,6,37,20336,False,
HIST_00817,PLFS_2026,Madurai,E105,2024-01-01,40,Male,Post Graduate,Self-Employed,4,43,31365,False,
HIST_00818,PLFS_2026,Madurai,E106,2024-10-01,48,Female,Post Graduate,Employed,4,37,48301,False,
HIST_00819,PLFS_2026,Coimbatore,E108,2024-10-01,52,Male,Graduate,Self-Employed,4,45,31102,False,
HIST_00820,PLFS_2026,Trichy,E104,2024-01-01,27,Female,Secondary,Employed,4,27,21155,False,
HIST_00821,PLFS_2026,Trichy,E107,2025-01-01,19,Male,Secondary,Unemployed,5,0,0,False,
HIST_00822,PLFS_2026,Coimbatore,E107,2024-08-01,30,Female,Below Primary,Employed,3,56,6029,False,
HIST_00823,PLFS_2026,Madurai,E105,2024-10-01,53,Female,Graduate,Employed,4,35,21978,False,
HIST_00824,PLFS_2026,Chennai,E103,2024-05-01,58,Female,Below Primary,Unemployed,2,0,0,False,
HIST_00825,PLFS_2026,Trichy,E108,2024-09-01,42,Female,Secondary,Employed,2,46,14307,False,
HIST_00826,PLFS_2026,Madurai,E101,2025-06-01,51,Male,Secondary,Self-Employed,5,49,19301,False,
HIST_00827,PLFS_2026,Salem,E105,2024-05-01,59,Female,Below Primary,Employed,3,35,13078,False,
HIST_00828,PLFS_2026,Madurai,E101,2025-04-01,63,Male,Higher Secondary,Employed,2,42,23832,False,
HIST_00829,PLFS_2026,Coimbatore,E106,2025-03-01,37,Male,Higher Secondary,Employed,2,53,32208,False,
HIST_00830,PLFS_2026,Madurai,E101,2024-09-01,40,Female,Below Primary,Employed,2,32,12619,False,
HIST_00831,PLFS_2026,Madurai,E104,2024-09-01,51,Female,Below Primary,Employed,4,44,10585,False,
HIST_00832,PLFS_2026,Madurai,E107,2025-03-01,24,Male,Below Primary,Employed,5,52,8290,False,
HIST_00833,PLFS_2026,Chennai,E104,2025-04-01,57,Female,Higher Secondary,Self-Employed,4,56,16094,False,
HIST_00834,PLFS_2026,Madurai,E101,2025-12-01,21,Male,Higher Secondary,Employed,3,49,29903,False,
HIST_00835,PLFS_2026,Salem,E104,2024-12-01,46,Male,Secondary,Self-Employed,3,36,22428,False,
HIST_00836,PLFS_2026,Madurai,E107,2024-11-01,26,Male,Secondary,Self-Employed,6,42,23726,False,
HIST_00837,PLFS_2026,Trichy,E102,2025-01-01,46,Male,Below Primary,Self-Employed,3,40,11181,False,
HIST_00838,PLFS_2026,Trichy,E108,2025-11-01,43,Male,Higher Secondary,Self-Employed,4,40,21271,False,
HIST_00839,PLFS_2026,Madurai,E103,2025-04-01,38,Male,Post Graduate,Employed,1,48,30554,False,
HIST_00840,PLFS_2026,Chennai,E101,2024-12-01,24,Male,Post Graduate,Self-Employed,1,30,27698,False,
HIST_00841,PLFS_2026,Madurai,E108,2024-08-01,29,Female,Post Graduate,Self-Employed,6,40,39350,False,
HIST_00842,PLFS_2026,Salem,E108,2025-12-01,42,Male,Below Primary,Unemployed,4,0,0,False,
HIST_00843,PLFS_2026,Salem,E103,2024-09-01,55,Male,Graduate,Unemployed,6,0,0,False,
HIST_00844,PLFS_2026,Trichy,E105,2025-06-01,34,Female,Secondary,Employed,2,49,15378,False,
HIST_00845,PLFS_2026,Trichy,E106,2024-11-01,63,Female,Higher Secondary,Self-Employed,5,46,26518,False,
HIST_00846,PLFS_2026,Trichy,E103,2024-03-01,51,Male,Graduate,Employed,3,38,28437,False,
HIST_00847,PLFS_2026,Salem,E106,2025-03-01,48,Male,Post Graduate,Employed,4,32,31898,False,
HIST_00848,PLFS_2026,Madurai,E101,2025-08-01,37,Female,Post Graduate,Employed,3,60,27466,False,
HIST_00849,PLFS_2026,Chennai,E107,2024-07-01,44,Female,Post Graduate,Employed,5,63,34926,False,
HIST_00850,PLFS_2026,Salem,E106,2025-02-01,43,Female,Below Primary,Employed,4,46,11762,False,
HIST_00851,PLFS_2026,Chennai,E101,2024-05-01,43,Male,Below Primary,Employed,1,50,12302,False,
HIST_00852,PLFS_2026,Coimbatore,E104,2024-04-01,35,Male,Post Graduate,Unemployed,6,0,0,False,
HIST_00853,PLFS_2026,Coimbatore,E108,2025-05-01,61,Female,Below Primary,Employed,2,40,11647,False,
HIST_00854,PLFS_2026,Trichy,E102,2024-01-01,48,Male,Graduate,Self-Employed,4,34,25019,False,
HIST_00855,PLFS_2026,Chennai,E108,2025-09-01,30,Male,Higher Secondary,Employed,3,48,23840,False,
HIST_00856,PLFS_2026,Coimbatore,E106,2025-11-01,18,Male,Post Graduate,Employed,5,47,48522,False,
HIST_00857,PLFS_2026,Chennai,E102,2024-10-01,43,Male,Secondary,Self-Employed,5,48,22846,False,
HIST_00858,PLFS_2026,Chennai,E102,2025-12-01,44,Male,Post Graduate,Employed,3,63,44756,False,
HIST_00859,PLFS_2026,Madurai,E104,2025-07-01,44,Male,Post Graduate,Unemployed,2,0,0,False,
HIST_00860,PLFS_2026,Coimbatore,E102,2025-09-01,39,Female,Graduate,Unemployed,3,0,0,False,
HIST_00861,PLFS_2026,Coimbatore,E102,2024-06-01,46,Male,Post Graduate,Employed,2,44,31882,False,
HIST_00862,PLFS_2026,Salem,E103,2025-06-01,33,Female,Higher Secondary,Self-Employed,3,41,16477,False,
HIST_00863,PLFS_2026,Trichy,E106,2024-12-01,36,Female,Graduate,Self-Employed,3,21,39496,False,
HIST_00864,PLFS_2026,Salem,E104,2025-07-01,51,Male,Graduate,Self-Employed,3,45,21438,False,
HIST_00865,PLFS_2026,Salem,E106,2025-03-01,58,Female,Graduate,Employed,6,46,33731,False,
HIST_00866,PLFS_2026,Chennai,E105,2025-08-01,40,Male,Post Graduate,Employed,2,41,39002,False,
HIST_00867,PLFS_2026,Salem,E101,2024-10-01,32,Male,Secondary,Self-Employed,3,44,17708,False,
HIST_00868,PLFS_2026,Chennai,E105,2025-06-01,38,Male,Below Primary,Employed,2,39,8916,False,
HIST_00869,PLFS_2026,Salem,E103,2024-05-01,49,Female,Higher Secondary,Self-Employed,1,54,28099,False,
HIST_00870,PLFS_2026,Madurai,E104,2024-09-01,34,Female,Below Primary,Employed,1,42,11845,False,
HIST_00871,PLFS_2026,Trichy,E104,2025-12-01,25,Male,Higher Secondary,Self-Employed,3,57,24925,False,
HIST_00872,PLFS_2026,Madurai,E108,2025-11-01,26,Male,Post Graduate,Unemployed,1,0,0,False,
HIST_00873,PLFS_2026,Chennai,E107,2024-03-01,43,Male,Higher Secondary,Employed,3,49,30514,False,
HIST_00874,PLFS_2026,Coimbatore,E107,2024-04-01,47,Male,Post Graduate,Self-Employed,3,43,35289,False,
HIST_00875,PLFS_2026,Coimbatore,E101,2024-10-01,52,Male,Higher Secondary,Employed,3,45,22225,False,
HIST_00876,PLFS_2026,Madurai,E106,2025-05-01,31,Male,Secondary,Employed,2,47,17780,False,
HIST_00877,PLFS_2026,Coimbatore,E108,2025-08-01,44,Male,Secondary,Employed,3,54,14843,False,
HIST_00878,PLFS_2026,Coimbatore,E103,2024-05-01,58,Female,Below Primary,Employed,1,48,13141,False,
HIST_00879,PLFS_2026,Chennai,E107,2024-09-01,28,Male,Graduate,Employed,4,55,15585,False,
HIST_00880,PLFS_2026,Madurai,E103,2025-04-01,44,Male,Graduate,Employed,1,37,37123,False,
HIST_00881,PLFS_2026,Trichy,E104,2025-06-01,31,Male,Secondary,Employed,2,43,25444,False,
HIST_00882,PLFS_2026,Coimbatore,E106,2025-10-01,18,Male,Below Primary,Unemployed,2,0,0,False,
HIST_00883,PLFS_2026,Coimbatore,E106,2024-12-01,36,Male,Higher Secondary,Employed,2,61,29015,False,
HIST_00884,PLFS_2026,Chennai,E105,2024-06-01,46,Female,Post Graduate,Self-Employed,2,44,36781,False,
HIST_00885,PLFS_2026,Coimbatore,E103,2025-03-01,41,Male,Secondary,Employed,5,52,14121,False,
HIST_00886,PLFS_2026,Salem,E103,2025-12-01,54,Male,Below Primary,Unemployed,4,0,0,False,
HIST_00887,PLFS_2026,Madurai,E103,2024-10-01,24,Male,Higher Secondary,Unemployed,3,0,0,False,
HIST_00888,PLFS_2026,Chennai,E105,2025-03-01,42,Female,Below Primary,Employed,7,30,11922,False,
HIST_00889,PLFS_2026,Trichy,E104,2024-07-01,45,Female,Post Graduate,Employed,4,44,28125,False,
HIST_00890,PLFS_2026,Madurai,E101,2025-01-01,40,Male,Higher Secondary,Employed,3,27,27256,False,
HIST_00891,PLFS_2026,Salem,E104,2025-11-01,49,Female,Below Primary,Employed,4,46,14578,False,
HIST_00892,PLFS_2026,Chennai,E102,2025-01-01,40,Female,Higher Secondary,Self-Employed,5,42,27772,False,
HIST_00893,PLFS_2026,Chennai,E105,2025-09-01,41,Female,Secondary,Self-Employed,4,34,19033,False,
HIST_00894,PLFS_2026,Trichy,E102,2024-11-01,28,Female,Post Graduate,Employed,3,38,29896,False,
HIST_00895,PLFS_2026,Madurai,E104,2025-05-01,63,Female,Post Graduate,Self-Employed,5,60,28705,False,
HIST_00896,PLFS_2026,Chennai,E101,2024-08-01,38,Female,Higher Secondary,Employed,2,39,17960,False,
HIST_00897,PLFS_2026,Madurai,E101,2024-12-01,52,Female,Higher Secondary,Unemployed,3,0,0,False,
HIST_00898,PLFS_2026,Madurai,E105,2024-02-01,65,Female,Graduate,Self-Employed,2,55,34420,False,
HIST_00899,PLFS_2026,Chennai,E105,2024-08-01,26,Male,Higher Secondary,Self-Employed,5,47,20999,False,
HIST_00900,PLFS_2026,Madurai,E102,2025-12-01,28,Female,Post Graduate,Self-Employed,3,61,38005,False,
HIST_00901,PLFS_2026,Trichy,E104,2025-02-01,47,Male,Post Graduate,Employed,2,38,46223,False,
HIST_00902,PLFS_2026,Salem,E106,2025-03-01,21,Male,Secondary,Unemployed,3,0,0,False,
HIST_00903,PLFS_2026,Trichy,E104,2024-05-01,35,Female,Post Graduate,Self-Employed,4,50,43583,False,
HIST_00904,PLFS_2026,Coimbatore,E103,2025-09-01,26,Male,Higher Secondary,Employed,3,54,25936,False,
HIST_00905,PLFS_2026,Trichy,E102,2024-06-01,21,Female,Secondary,Unemployed,4,0,0,False,
HIST_00906,PLFS_2026,Salem,E107,2025-02-01,60,Female,Graduate,Unemployed,2,0,0,False,
HIST_00907,PLFS_2026,Salem,E103,2024-07-01,19,Male,Secondary,Employed,3,49,15716,False,
HIST_00908,PLFS_2026,Trichy,E105,2025-08-01,35,Male,Post Graduate,Employed,4,48,40027,False,
HIST_00909,PLFS_2026,Chennai,E106,2024-03-01,33,Female,Secondary,Employed,4,44,19648,False,
HIST_00910,PLFS_2026,Trichy,E108,2025-11-01,32,Female,Secondary,Self-Employed,3,37,17873,False,
HIST_00911,PLFS_2026,Coimbatore,E108,2024-05-01,28,Male,Secondary,Employed,2,47,18765,False,
HIST_00912,PLFS_2026,Coimbatore,E101,2024-09-01,47,Female,Secondary,Unemployed,3,0,0,False,
HIST_00913,PLFS_2026,Madurai,E104,2024-03-01,43,Male,Graduate,Self-Employed,2,46,30039,False,
HIST_00914,PLFS_2026,Coimbatore,E106,2025-03-01,38,Male,Graduate,Employed,1,46,40390,False,
HIST_00915,PLFS_2026,Chennai,E107,2025-12-01,33,Female,Graduate,Unemployed,3,0,0,False,
HIST_00916,PLFS_2026,Trichy,E101,2025-05-01,52,Male,Graduate,Employed,2,50,31306,False,
HIST_00917,PLFS_2026,Chennai,E104,2025-05-01,36,Female,Below Primary,Employed,4,53,14093,False,
HIST_00918,PLFS_2026,Trichy,E101,2024-07-01,24,Female,Graduate,Employed,5,44,28408,False,
HIST_00919,PLFS_2026,Salem,E105,2025-03-01,38,Male,Graduate,Employed,3,54,27531,False,
HIST_00920,PLFS_2026,Chennai,E103,2025-03-01,24,Female,Below Primary,Unemployed,3,0,0,False,
HIST_00921,PLFS_2026,Chennai,E103,2025-07-01,45,Male,Graduate,Employed,2,64,29482,False,
HIST_00922,PLFS_2026,Coimbatore,E101,2024-06-01,53,Female,Post Graduate,Self-Employed,3,49,44379,False,
HIST_00923,PLFS_2026,Madurai,E108,2024-03-01,52,Female,Higher Secondary,Unemployed,5,0,0,False,
HIST_00924,PLFS_2026,Madurai,E102,2024-03-01,31,Male,Graduate,Unemployed,4,0,0,False,
HIST_00925,PLFS_2026,Chennai,E107,2025-12-01,50,Male,Graduate,Employed,5,37,23313,False,
HIST_00926,PLFS_2026,Chennai,E103,2024-11-01,36,Male,Secondary,Self-Employed,4,40,22867,False,
HIST_00927,PLFS_2026,Madurai,E101,2025-02-01,43,Female,Higher Secondary,Unemployed,4,0,0,False,
HIST_00928,PLFS_2026,Coimbatore,E105,2025-09-01,41,Male,Below Primary,Self-Employed,1,53,11620,False,
HIST_00929,PLFS_2026,Madurai,E101,2025-08-01,65,Female,Below Primary,Employed,7,43,11744,False,
HIST_00930,PLFS_2026,Coimbatore,E101,2025-08-01,49,Female,Secondary,Employed,6,31,11569,False,
HIST_00931,PLFS_2026,Coimbatore,E108,2025-02-01,30,Female,Below Primary,Unemployed,4,0,0,False,
HIST_00932,PLFS_2026,Chennai,E104,2025-06-01,23,Female,Post Graduate,Unemployed,1,0,0,False,
HIST_00933,PLFS_2026,Madurai,E101,2024-06-01,18,Male,Below Primary,Unemployed,4,0,0,False,
HIST_00934,PLFS_2026,Chennai,E103,2024-02-01,32,Female,Higher Secondary,Self-Employed,3,42,16068,False,
HIST_00935,PLFS_2026,Chennai,E102,2025-02-01,29,Male,Secondary,Unemployed,4,0,0,False,
HIST_00936,PLFS_2026,Trichy,E103,2025-03-01,26,Female,Below Primary,Employed,3,27,12428,False,
HIST_00937,PLFS_2026,Salem,E106,2024-12-01,55,Female,Below Primary,Self-Employed,2,40,12789,False,
HIST_00938,PLFS_2026,Trichy,E102,2024-10-01,53,Female,Secondary,Employed,3,39,10911,False,
HIST_00939,PLFS_2026,Salem,E106,2025-05-01,39,Female,Post Graduate,Employed,6,47,37830,False,
HIST_00940,PLFS_2026,Madurai,E101,2024-04-01,41,Male,Graduate,Unemployed,3,0,0,False,
HIST_00941,PLFS_2026,Trichy,E105,2025-02-01,40,Female,Higher Secondary,Employed,4,37,27735,False,
HIST_00942,PLFS_2026,Trichy,E106,2024-05-01,45,Female,Post Graduate,Unemployed,3,0,0,False,
HIST_00943,PLFS_2026,Coimbatore,E108,2024-06-01,28,Male,Higher Secondary,Self-Employed,3,30,24074,False,
HIST_00944,PLFS_2026,Chennai,E102,2024-01-01,18,Female,Below Primary,Unemployed,2,0,0,False,
HIST_00945,PLFS_2026,Madurai,E107,2025-02-01,36,Male,Higher Secondary,Employed,3,36,16842,False,
HIST_00946,PLFS_2026,Madurai,E101,2025-09-01,43,Male,Higher Secondary,Employed,3,47,18104,False,
HIST_00947,PLFS_2026,Chennai,E105,2024-10-01,40,Female,Below Primary,Employed,5,49,11010,False,
HIST_00948,PLFS_2026,Salem,E106,2025-01-01,41,Male,Secondary,Employed,3,45,16827,False,
HIST_00949,PLFS_2026,Salem,E108,2025-04-01,36,Male,Secondary,Employed,4,37,14342,False,
HIST_00950,PLFS_2026,Coimbatore,E106,2025-03-01,21,Female,Below Primary,Self-Employed,1,35,12382,False,
HIST_00951,PLFS_2026,Salem,E106,2025-06-01,27,Male,Secondary,Employed,4,45,10913,False,
HIST_00952,PLFS_2026,Salem,E106,2024-03-01,45,Male,Higher Secondary,Self-Employed,5,37,23848,False,
HIST_00953,PLFS_2026,Salem,E107,2025-09-01,27,Male,Post Graduate,Unemployed,4,0,0,False,
HIST_00954,PLFS_2026,Madurai,E102,2024-10-01,33,Female,Below Primary,Employed,3,41,9158,False,
HIST_00955,PLFS_2026,Chennai,E108,2024-08-01,33,Female,Graduate,Self-Employed,4,44,29022,False,
HIST_00956,PLFS_2026,Salem,E104,2025-05-01,29,Female,Secondary,Employed,5,35,19755,False,
HIST_00957,PLFS_2026,Chennai,E104,2024-03-01,52,Female,Post Graduate,Employed,4,43,33984,False,
HIST_00958,PLFS_2026,Coimbatore,E103,2024-07-01,50,Female,Graduate,Unemployed,2,0,0,False,
HIST_00959,PLFS_2026,Trichy,E105,2024-11-01,52,Male,Below Primary,Self-Employed,4,37,11255,False,
HIST_00960,PLFS_2026,Trichy,E103,2024-07-01,30,Male,Graduate,Employed,3,52,20318,False,
HIST_00961,PLFS_2026,Trichy,E102,2024-01-01,57,Female,Below Primary,Unemployed,5,0,0,False,
HIST_00962,PLFS_2026,Trichy,E102,2024-11-01,36,Female,Below Primary,Employed,2,40,13184,False,
HIST_00963,PLFS_2026,Salem,E101,2025-07-01,53,Female,Secondary,Employed,2,42,17455,False,
HIST_00964,PLFS_2026,Madurai,E105,2024-09-01,21,Female,Graduate,Unemployed,4,0,0,False,
HIST_00965,PLFS_2026,Salem,E103,2024-06-01,32,Female,Below Primary,Employed,2,44,11482,False,
HIST_00966,PLFS_2026,Trichy,E102,2024-07-01,33,Female,Post Graduate,Employed,3,47,50567,False,
HIST_00967,PLFS_2026,Madurai,E105,2025-07-01,39,Male,Secondary,Employed,5,33,18567,False,
HIST_00968,PLFS_2026,Trichy,E106,2025-06-01,24,Female,Below Primary,Employed,2,39,14860,False,
HIST_00969,PLFS_2026,Coimbatore,E101,2024-04-01,49,Female,Below Primary,Employed,4,32,11528,False,
HIST_00970,PLFS_2026,Coimbatore,E103,2025-11-01,41,Female,Post Graduate,Employed,4,30,31233,False,
HIST_00971,PLFS_2026,Salem,E104,2025-11-01,37,Male,Graduate,Employed,4,27,27092,False,
HIST_00972,PLFS_2026,Chennai,E108,2024-04-01,39,Female,Higher Secondary,Unemployed,5,0,0,False,
HIST_00973,PLFS_2026,Coimbatore,E108,2024-08-01,28,Male,Secondary,Self-Employed,1,41,21605,False,
HIST_00974,PLFS_2026,Trichy,E105,2024-12-01,54,Female,Secondary,Unemployed,4,0,0,False,
HIST_00975,PLFS_2026,Salem,E106,2025-03-01,31,Female,Below Primary,Employed,3,58,9737,False,
HIST_00976,PLFS_2026,Chennai,E106,2025-04-01,57,Female,Secondary,Employed,3,55,12935,False,
HIST_00977,PLFS_2026,Salem,E103,2025-05-01,45,Male,Graduate,Self-Employed,3,33,29223,False,
HIST_00978,PLFS_2026,Chennai,E106,2025-06-01,50,Male,Higher Secondary,Employed,2,33,21595,False,
HIST_00979,PLFS_2026,Coimbatore,E107,2024-08-01,36,Male,Post Graduate,Employed,4,52,37548,False,
HIST_00980,PLFS_2026,Coimbatore,E107,2024-03-01,60,Female,Secondary,Self-Employed,4,42,12198,False,
HIST_00981,PLFS_2026,Trichy,E107,2025-02-01,34,Female,Post Graduate,Unemployed,3,0,0,False,
HIST_00982,PLFS_2026,Madurai,E102,2025-12-01,23,Female,Below Primary,Employed,4,50,15667,False,
HIST_00983,PLFS_2026,Coimbatore,E106,2025-06-01,48,Male,Graduate,Employed,4,45,30174,False,
HIST_00984,PLFS_2026,Coimbatore,E102,2025-08-01,52,Male,Post Graduate,Self-Employed,2,42,32128,False,
HIST_00985,PLFS_2026,Coimbatore,E106,2025-04-01,42,Male,Below Primary,Employed,5,40,6263,False,
HIST_00986,PLFS_2026,Madurai,E101,2024-05-01,33,Male,Graduate,Employed,5,49,30397,False,
HIST_00987,PLFS_2026,Coimbatore,E108,2024-07-01,34,Male,Higher Secondary,Employed,2,49,18329,False,
HIST_00988,PLFS_2026,Salem,E107,2025-11-01,64,Female,Below Primary,Employed,4,40,10532,False,
HIST_00989,PLFS_2026,Trichy,E107,2024-05-01,36,Female,Below Primary,Employed,3,53,12447,False,
HIST_00990,PLFS_2026,Trichy,E101,2024-01-01,29,Female,Below Primary,Self-Employed,6,45,13845,False,
HIST_00991,PLFS_2026,Chennai,E104,2025-02-01,30,Female,Higher Secondary,Unemployed,4,0,0,False,
HIST_00992,PLFS_2026,Coimbatore,E107,2025-02-01,62,Male,Secondary,Employed,5,41,14031,False,
HIST_00993,PLFS_2026,Madurai,E107,2024-12-01,42,Female,Secondary,Employed,4,47,18689,False,
HIST_00994,PLFS_2026,Madurai,E103,2024-01-01,44,Male,Below Primary,Employed,5,49,9480,False,
HIST_00995,PLFS_2026,Coimbatore,E107,2024-05-01,54,Male,Secondary,Unemployed,6,0,0,False,
HIST_00996,PLFS_2026,Coimbatore,E108,2025-11-01,40,Female,Post Graduate,Employed,1,49,33833,False,
HIST_00997,PLFS_2026,Trichy,E107,2025-06-01,61,Female,Graduate,Employed,2,31,25360,False,
HIST_00998,PLFS_2026,Madurai,E107,2025-08-01,18,Male,Post Graduate,Employed,4,28,38216,False,
HIST_00999,PLFS_2026,Madurai,E105,2025-02-01,18,Female,Below Primary,Self-Employed,3,58,12865,False,
HIST_01000,PLFS_2026,Trichy,E108,2025-11-01,27,Female,Below Primary,Employed,3,45,13134,False,
HIST_01001,PLFS_2026,Chennai,E103,2025-12-01,21,Female,Graduate,Employed,4,23,24472,False,
HIST_01002,PLFS_2026,Trichy,E102,2024-08-01,32,Female,Below Primary,Unemployed,4,0,0,False,
HIST_01003,PLFS_2026,Trichy,E105,2025-08-01,26,Male,Higher Secondary,Employed,4,44,19451,False,
HIST_01004,PLFS_2026,Chennai,E108,2025-03-01,32,Female,Post Graduate,Unemployed,4,0,0,False,
HIST_01005,PLFS_2026,Coimbatore,E106,2024-10-01,64,Female,Secondary,Employed,2,30,20820,False,
HIST_01006,PLFS_2026,Trichy,E105,2025-12-01,29,Female,Below Primary,Unemployed,3,0,0,False,
HIST_01007,PLFS_2026,Trichy,E103,2025-07-01,57,Male,Higher Secondary,Self-Employed,5,51,15768,False,
HIST_01008,PLFS_2026,Trichy,E101,2024-10-01,24,Female,Below Primary,Employed,1,38,14296,False,
HIST_01009,PLFS_2026,Chennai,E105,2024-09-01,44,Male,Post Graduate,Employed,3,44,32764,False,
HIST_01010,PLFS_2026,Salem,E101,2025-12-01,40,Male,Post Graduate,Employed,4,32,40277,False,
HIST_01011,PLFS_2026,Trichy,E103,2025-10-01,49,Female,Higher Secondary,Self-Employed,3,50,34384,False,
HIST_01012,PLFS_2026,Salem,E104,2025-04-01,36,Male,Post Graduate,Self-Employed,4,39,39377,False,
HIST_01013,PLFS_2026,Salem,E102,2024-05-01,43,Male,Graduate,Self-Employed,4,36,29155,False,
HIST_01014,PLFS_2026,Coimbatore,E107,2024-08-01,55,Female,Secondary,Employed,4,52,17146,False,
HIST_01015,PLFS_2026,Salem,E101,2025-09-01,46,Female,Below Primary,Employed,4,37,12764,False,
HIST_01016,PLFS_2026,Coimbatore,E107,2025-04-01,26,Female,Graduate,Unemployed,3,0,0,False,
HIST_01017,PLFS_2026,Trichy,E104,2025-01-01,23,Female,Graduate,Employed,5,49,24053,False,
HIST_01018,PLFS_2026,Trichy,E107,2024-01-01,19,Female,Graduate,Employed,3,41,28633,False,
HIST_01019,PLFS_2026,Salem,E101,2024-04-01,33,Female,Graduate,Unemployed,1,0,0,False,
HIST_01020,PLFS_2026,Salem,E106,2024-09-01,45,Female,Below Primary,Employed,3,58,7412,False,
HIST_01021,PLFS_2026,Trichy,E107,2025-03-01,53,Male,Post Graduate,Self-Employed,3,51,38606,False,
HIST_01022,PLFS_2026,Trichy,E106,2025-10-01,51,Male,Higher Secondary,Employed,3,36,28250,False,
HIST_01023,PLFS_2026,Chennai,E102,2024-01-01,36,Female,Below Primary,Employed,4,54,9523,False,
HIST_01024,PLFS_2026,Coimbatore,E106,2024-08-01,45,Female,Higher Secondary,Employed,3,43,22318,False,
HIST_01025,PLFS_2026,Chennai,E102,2024-02-01,19,Male,Post Graduate,Unemployed,2,0,0,False,
HIST_01026,PLFS_2026,Chennai,E102,2025-08-01,37,Male,Graduate,Unemployed,4,0,0,False,
HIST_01027,PLFS_2026,Trichy,E103,2024-04-01,35,Male,Higher Secondary,Employed,4,54,18579,False,
HIST_01028,PLFS_2026,Chennai,E108,2024-09-01,56,Female,Higher Secondary,Employed,2,58,20360,False,
HIST_01029,PLFS_2026,Chennai,E105,2024-02-01,35,Female,Graduate,Employed,1,41,22177,False,
HIST_01030,PLFS_2026,Chennai,E105,2024-09-01,30,Male,Graduate,Employed,3,52,29162,False,
HIST_01031,PLFS_2026,Madurai,E107,2024-06-01,41,Female,Below Primary,Employed,2,37,16316,False,
HIST_01032,PLFS_2026,Coimbatore,E104,2025-08-01,29,Male,Graduate,Unemployed,6,0,0,False,
HIST_01033,PLFS_2026,Chennai,E101,2024-03-01,50,Male,Post Graduate,Unemployed,5,0,0,False,
HIST_01034,PLFS_2026,Coimbatore,E101,2025-04-01,37,Male,Below Primary,Self-Employed,4,52,12010,False,
HIST_01035,PLFS_2026,Coimbatore,E105,2024-05-01,45,Female,Graduate,Employed,6,48,29745,False,
HIST_01036,PLFS_2026,Trichy,E108,2025-04-01,19,Female,Graduate,Self-Employed,1,48,27468,False,
HIST_01037,PLFS_2026,Chennai,E104,2024-01-01,31,Female,Graduate,Employed,4,44,34315,False,
HIST_01038,PLFS_2026,Trichy,E106,2024-11-01,39,Female,Graduate,Employed,3,52,26784,False,
HIST_01039,PLFS_2026,Chennai,E106,2025-06-01,44,Female,Below Primary,Self-Employed,3,39,12202,False,
HIST_01040,PLFS_2026,Salem,E104,2024-06-01,38,Male,Graduate,Unemployed,4,0,0,False,
HIST_01041,PLFS_2026,Salem,E107,2024-04-01,32,Female,Graduate,Employed,5,42,26620,False,
HIST_01042,PLFS_2026,Coimbatore,E104,2024-05-01,49,Male,Secondary,Employed,3,32,17421,False,
HIST_01043,PLFS_2026,Trichy,E104,2025-04-01,32,Female,Below Primary,Self-Employed,2,43,13179,False,
HIST_01044,PLFS_2026,Salem,E108,2025-06-01,37,Female,Below Primary,Employed,4,59,11177,False,
HIST_01045,PLFS_2026,Chennai,E106,2025-12-01,41,Male,Graduate,Employed,3,38,24724,False,
HIST_01046,PLFS_2026,Trichy,E108,2025-10-01,32,Male,Post Graduate,Employed,4,63,32558,False,
HIST_01047,PLFS_2026,Chennai,E101,2025-12-01,33,Male,Graduate,Unemployed,3,0,0,False,
HIST_01048,PLFS_2026,Coimbatore,E101,2024-08-01,53,Male,Below Primary,Employed,1,25,10809,False,
HIST_01049,PLFS_2026,Chennai,E105,2024-04-01,51,Female,Post Graduate,Employed,1,20,42340,False,
HIST_01050,PLFS_2026,Trichy,E102,2024-04-01,40,Male,Graduate,Employed,2,37,22569,False,
HIST_01051,PLFS_2026,Trichy,E104,2024-03-01,39,Male,Graduate,Employed,3,48,12014,False,
HIST_01052,PLFS_2026,Coimbatore,E106,2024-04-01,27,Male,Higher Secondary,Self-Employed,2,42,19632,False,
HIST_01053,PLFS_2026,Madurai,E101,2025-07-01,47,Male,Higher Secondary,Employed,1,45,24456,False,
HIST_01054,PLFS_2026,Salem,E103,2025-02-01,60,Male,Higher Secondary,Employed,3,47,14063,False,
HIST_01055,PLFS_2026,Coimbatore,E104,2025-07-01,18,Male,Secondary,Employed,5,44,22242,False,
HIST_01056,PLFS_2026,Trichy,E107,2024-06-01,21,Male,Graduate,Employed,4,59,30350,False,
HIST_01057,PLFS_2026,Chennai,E103,2024-03-01,41,Female,Graduate,Unemployed,4,0,0,False,
HIST_01058,PLFS_2026,Coimbatore,E103,2024-07-01,30,Male,Higher Secondary,Employed,4,32,16810,False,
HIST_01059,PLFS_2026,Coimbatore,E104,2024-06-01,55,Male,Post Graduate,Employed,3,56,37405,False,
HIST_01060,PLFS_2026,Coimbatore,E102,2025-09-01,18,Female,Higher Secondary,Employed,5,40,25074,False,
HIST_01061,PLFS_2026,Trichy,E104,2024-07-01,38,Male,Post Graduate,Self-Employed,1,46,54691,False,
HIST_01062,PLFS_2026,Trichy,E106,2025-06-01,43,Male,Graduate,Self-Employed,3,53,29179,False,
HIST_01063,PLFS_2026,Madurai,E105,2024-02-01,40,Male,Below Primary,Self-Employed,2,46,14485,False,
HIST_01064,PLFS_2026,Coimbatore,E108,2024-06-01,27,Male,Below Primary,Employed,5,44,9869,False,
HIST_01065,PLFS_2026,Salem,E105,2024-07-01,49,Female,Higher Secondary,Employed,3,51,20716,False,
HIST_01066,PLFS_2026,Coimbatore,E101,2024-04-01,37,Male,Post Graduate,Employed,4,47,22833,False,
HIST_01067,PLFS_2026,Chennai,E108,2025-05-01,24,Male,Below Primary,Self-Employed,5,43,10743,False,
HIST_01068,PLFS_2026,Coimbatore,E106,2025-02-01,21,Male,Higher Secondary,Employed,2,28,21554,False,
HIST_01069,PLFS_2026,Chennai,E106,2024-08-01,30,Male,Secondary,Unemployed,2,0,0,False,
HIST_01070,PLFS_2026,Madurai,E107,2024-08-01,63,Male,Graduate,Employed,2,54,33449,False,
HIST_01071,PLFS_2026,Chennai,E107,2024-05-01,28,Male,Post Graduate,Employed,4,41,39411,False,
HIST_01072,PLFS_2026,Coimbatore,E106,2024-05-01,56,Female,Secondary,Unemployed,4,0,0,False,
HIST_01073,PLFS_2026,Salem,E104,2024-11-01,20,Male,Below Primary,Unemployed,3,0,0,False,
HIST_01074,PLFS_2026,Chennai,E105,2024-05-01,25,Male,Graduate,Employed,4,37,23561,False,
HIST_01075,PLFS_2026,Madurai,E106,2024-08-01,32,Female,Post Graduate,Employed,2,37,43346,False,
HIST_01076,PLFS_2026,Trichy,E103,2025-07-01,22,Male,Below Primary,Employed,1,39,13756,False,
HIST_01077,PLFS_2026,Trichy,E108,2024-07-01,35,Female,Graduate,Employed,3,45,18224,False,
HIST_01078,PLFS_2026,Coimbatore,E104,2024-08-01,43,Female,Graduate,Employed,4,41,33633,False,
HIST_01079,PLFS_2026,Trichy,E103,2025-07-01,24,Male,Graduate,Self-Employed,5,46,26115,False,
HIST_01080,PLFS_2026,Chennai,E108,2025-12-01,37,Male,Graduate,Employed,3,54,21970,False,
HIST_01081,PLFS_2026,Coimbatore,E102,2025-03-01,28,Female,Secondary,Employed,5,40,21241,False,
HIST_01082,PLFS_2026,Chennai,E107,2024-07-01,58,Male,Higher Secondary,Employed,3,50,16923,False,
HIST_01083,PLFS_2026,Chennai,E101,2025-04-01,47,Female,Secondary,Unemployed,4,0,0,False,
HIST_01084,PLFS_2026,Trichy,E101,2025-03-01,18,Female,Secondary,Self-Employed,4,28,16857,False,
HIST_01085,PLFS_2026,Coimbatore,E103,2024-12-01,49,Female,Below Primary,Self-Employed,4,60,14460,False,
HIST_01086,PLFS_2026,Chennai,E107,2025-11-01,30,Female,Post Graduate,Employed,4,44,25975,False,
HIST_01087,PLFS_2026,Coimbatore,E105,2025-11-01,26,Male,Below Primary,Unemployed,3,0,0,False,
HIST_01088,PLFS_2026,Salem,E101,2025-05-01,35,Female,Below Primary,Employed,1,48,13718,False,
HIST_01089,PLFS_2026,Salem,E108,2025-08-01,40,Male,Higher Secondary,Employed,3,49,24992,False,
HIST_01090,PLFS_2026,Trichy,E102,2025-06-01,41,Male,Secondary,Self-Employed,2,47,22303,False,
HIST_01091,PLFS_2026,Madurai,E102,2025-09-01,30,Female,Post Graduate,Self-Employed,6,40,38246,False,
HIST_01092,PLFS_2026,Madurai,E104,2024-11-01,29,Female,Higher Secondary,Employed,4,31,19597,False,
HIST_01093,PLFS_2026,Coimbatore,E105,2024-02-01,24,Male,Higher Secondary,Employed,4,52,24842,False,
HIST_01094,PLFS_2026,Coimbatore,E102,2025-04-01,18,Female,Graduate,Unemployed,6,0,0,False,
HIST_01095,PLFS_2026,Chennai,E104,2025-03-01,39,Male,Below Primary,Employed,4,39,12475,False,
HIST_01096,PLFS_2026,Madurai,E105,2024-03-01,30,Male,Secondary,Employed,3,39,12842,False,
HIST_01097,PLFS_2026,Madurai,E108,2024-05-01,39,Male,Post Graduate,Self-Employed,4,49,44231,False,
HIST_01098,PLFS_2026,Chennai,E105,2025-02-01,41,Male,Graduate,Employed,3,51,20397,False,
HIST_01099,PLFS_2026,Coimbatore,E101,2024-10-01,27,Male,Below Primary,Employed,2,53,14262,False,
HIST_01100,PLFS_2026,Madurai,E106,2025-02-01,43,Female,Higher Secondary,Employed,5,37,23533,False,
HIST_01101,PLFS_2026,Trichy,E108,2025-03-01,36,Female,Post Graduate,Employed,5,44,35074,False,
HIST_01102,PLFS_2026,Salem,E103,2024-09-01,44,Male,Graduate,Employed,5,39,27657,False,
HIST_01103,PLFS_2026,Salem,E101,2024-05-01,25,Female,Higher Secondary,Employed,1,46,24679,False,
HIST_01104,PLFS_2026,Madurai,E103,2025-11-01,41,Female,Secondary,Self-Employed,1,42,10013,False,
HIST_01105,PLFS_2026,Madurai,E103,2024-08-01,54,Male,Below Primary,Self-Employed,2,55,14270,False,
HIST_01106,PLFS_2026,Trichy,E103,2025-03-01,27,Female,Higher Secondary,Employed,2,47,18284,False,
HIST_01107,PLFS_2026,Trichy,E101,2025-10-01,39,Female,Higher Secondary,Employed,3,30,12185,False,
HIST_01108,PLFS_2026,Coimbatore,E103,2025-06-01,40,Female,Below Primary,Self-Employed,3,40,13670,False,
HIST_01109,PLFS_2026,Coimbatore,E108,2024-05-01,52,Female,Higher Secondary,Employed,3,42,24200,False,
HIST_01110,PLFS_2026,Trichy,E106,2025-09-01,21,Female,Graduate,Self-Employed,4,49,31809,False,
HIST_01111,PLFS_2026,Trichy,E103,2025-07-01,18,Female,Higher Secondary,Unemployed,3,0,0,False,
HIST_01112,PLFS_2026,Coimbatore,E101,2024-05-01,43,Male,Higher Secondary,Employed,5,41,19810,False,
HIST_01113,PLFS_2026,Trichy,E104,2025-03-01,51,Female,Below Primary,Employed,4,55,12692,False,
HIST_01114,PLFS_2026,Trichy,E104,2025-07-01,24,Male,Higher Secondary,Employed,2,32,24913,False,
HIST_01115,PLFS_2026,Chennai,E108,2025-10-01,52,Male,Post Graduate,Employed,6,51,46837,False,
HIST_01116,PLFS_2026,Coimbatore,E106,2025-08-01,31,Male,Higher Secondary,Employed,2,51,23837,False,
HIST_01117,PLFS_2026,Coimbatore,E106,2025-01-01,39,Female,Below Primary,Employed,4,47,15081,False,
HIST_01118,PLFS_2026,Salem,E105,2025-03-01,53,Male,Secondary,Unemployed,4,0,0,False,
HIST_01119,PLFS_2026,Coimbatore,E107,2025-03-01,32,Female,Secondary,Self-Employed,4,33,21794,False,
HIST_01120,PLFS_2026,Coimbatore,E107,2024-05-01,23,Male,Secondary,Employed,4,38,19992,False,
HIST_01121,PLFS_2026,Coimbatore,E106,2024-03-01,37,Female,Below Primary,Employed,1,48,10612,False,
HIST_01122,PLFS_2026,Salem,E107,2024-06-01,48,Female,Post Graduate,Self-Employed,4,48,30722,False,
HIST_01123,PLFS_2026,Madurai,E104,2024-06-01,30,Female,Higher Secondary,Employed,3,51,29380,False,
HIST_01124,PLFS_2026,Chennai,E105,2025-07-01,28,Female,Graduate,Employed,5,27,21312,False,
HIST_01125,PLFS_2026,Coimbatore,E104,2024-01-01,26,Male,Secondary,Employed,2,32,19486,False,
HIST_01126,PLFS_2026,Coimbatore,E102,2025-09-01,35,Female,Graduate,Employed,4,50,29487,False,
HIST_01127,PLFS_2026,Madurai,E101,2024-04-01,45,Female,Graduate,Self-Employed,3,35,33923,False,
HIST_01128,PLFS_2026,Chennai,E106,2025-07-01,30,Female,Post Graduate,Employed,2,43,31062,False,
HIST_01129,PLFS_2026,Salem,E108,2025-11-01,32,Male,Higher Secondary,Employed,4,47,18049,False,
HIST_01130,PLFS_2026,Trichy,E101,2024-09-01,32,Male,Post Graduate,Employed,5,48,53770,False,
HIST_01131,PLFS_2026,Salem,E108,2025-11-01,52,Male,Higher Secondary,Employed,5,33,25360,False,
HIST_01132,PLFS_2026,Salem,E106,2025-02-01,37,Female,Below Primary,Employed,3,46,14268,False,
HIST_01133,PLFS_2026,Trichy,E102,2025-05-01,44,Male,Secondary,Self-Employed,2,50,15704,False,
HIST_01134,PLFS_2026,Trichy,E103,2025-06-01,40,Female,Higher Secondary,Self-Employed,3,43,25371,False,
HIST_01135,PLFS_2026,Salem,E105,2025-10-01,25,Female,Below Primary,Employed,6,30,10565,False,
HIST_01136,PLFS_2026,Salem,E103,2024-01-01,42,Male,Post Graduate,Employed,4,44,37563,False,
HIST_01137,PLFS_2026,Coimbatore,E107,2024-11-01,42,Male,Below Primary,Employed,3,56,14014,False,
HIST_01138,PLFS_2026,Trichy,E104,2024-07-01,48,Male,Graduate,Employed,2,44,26317,False,
HIST_01139,PLFS_2026,Chennai,E102,2024-05-01,25,Male,Graduate,Employed,4,40,31670,False,
HIST_01140,PLFS_2026,Salem,E103,2025-03-01,25,Female,Secondary,Unemployed,6,0,0,False,
HIST_01141,PLFS_2026,Chennai,E102,2024-08-01,47,Male,Secondary,Unemployed,3,0,0,False,
HIST_01142,PLFS_2026,Salem,E103,2024-07-01,55,Male,Below Primary,Employed,4,40,11281,False,
HIST_01143,PLFS_2026,Chennai,E102,2024-01-01,47,Female,Graduate,Employed,3,39,26759,False,
HIST_01144,PLFS_2026,Chennai,E101,2025-10-01,23,Male,Graduate,Employed,6,40,32657,False,
HIST_01145,PLFS_2026,Salem,E101,2024-03-01,40,Female,Below Primary,Self-Employed,2,44,13881,False,
HIST_01146,PLFS_2026,Chennai,E104,2025-07-01,35,Male,Secondary,Unemployed,5,0,0,False,
HIST_01147,PLFS_2026,Chennai,E102,2024-05-01,32,Female,Post Graduate,Employed,2,40,39491,False,
HIST_01148,PLFS_2026,Madurai,E104,2025-05-01,44,Male,Below Primary,Self-Employed,1,44,12379,False,
HIST_01149,PLFS_2026,Chennai,E104,2025-11-01,34,Male,Higher Secondary,Employed,5,48,27764,False,
HIST_01150,PLFS_2026,Trichy,E101,2025-12-01,35,Male,Secondary,Self-Employed,5,58,22722,False,
HIST_01151,PLFS_2026,Coimbatore,E106,2025-11-01,24,Male,Graduate,Unemployed,3,0,0,False,
HIST_01152,PLFS_2026,Chennai,E103,2024-12-01,46,Female,Graduate,Employed,2,45,16688,False,
HIST_01153,PLFS_2026,Madurai,E107,2024-04-01,55,Female,Below Primary,Employed,3,45,11256,False,
HIST_01154,PLFS_2026,Trichy,E103,2025-04-01,51,Female,Higher Secondary,Employed,1,44,21534,False,
HIST_01155,PLFS_2026,Chennai,E102,2024-11-01,32,Female,Below Primary,Employed,6,37,13852,False,
HIST_01156,PLFS_2026,Coimbatore,E105,2025-10-01,42,Female,Secondary,Employed,5,39,15361,False,
HIST_01157,PLFS_2026,Salem,E107,2024-07-01,51,Male,Graduate,Self-Employed,4,32,24979,False,
HIST_01158,PLFS_2026,Salem,E103,2024-01-01,42,Female,Below Primary,Employed,5,39,5005,False,
HIST_01159,PLFS_2026,Trichy,E102,2024-04-01,44,Male,Graduate,Employed,2,28,12138,False,
HIST_01160,PLFS_2026,Trichy,E102,2025-12-01,47,Male,Below Primary,Employed,4,43,15333,False,
HIST_01161,PLFS_2026,Madurai,E106,2024-07-01,45,Female,Below Primary,Employed,6,33,11917,False,
HIST_01162,PLFS_2026,Coimbatore,E108,2024-09-01,18,Female,Graduate,Employed,3,43,31509,False,
HIST_01163,PLFS_2026,Trichy,E107,2025-04-01,38,Female,Secondary,Self-Employed,4,50,25757,False,
HIST_01164,PLFS_2026,Chennai,E102,2024-09-01,34,Female,Graduate,Employed,2,46,23507,False,
HIST_01165,PLFS_2026,Madurai,E101,2024-04-01,55,Male,Below Primary,Employed,3,40,10868,False,
HIST_01166,PLFS_2026,Chennai,E103,2025-01-01,46,Female,Secondary,Employed,3,39,23995,False,
HIST_01167,PLFS_2026,Trichy,E102,2024-03-01,27,Female,Graduate,Employed,4,50,18864,False,
HIST_01168,PLFS_2026,Coimbatore,E108,2025-05-01,43,Female,Post Graduate,Employed,2,51,30683,False,
HIST_01169,PLFS_2026,Trichy,E101,2024-02-01,46,Female,Below Primary,Employed,5,51,12603,False,
HIST_01170,PLFS_2026,Salem,E107,2025-03-01,35,Female,Below Primary,Employed,3,56,10321,False,
HIST_01171,PLFS_2026,Trichy,E105,2025-11-01,25,Male,Graduate,Employed,4,38,22679,False,
HIST_01172,PLFS_2026,Salem,E107,2025-04-01,20,Male,Post Graduate,Unemployed,3,0,0,False,
HIST_01173,PLFS_2026,Trichy,E108,2025-04-01,49,Male,Post Graduate,Employed,4,43,36493,False,
HIST_01174,PLFS_2026,Salem,E108,2025-07-01,44,Female,Post Graduate,Unemployed,5,0,0,False,
HIST_01175,PLFS_2026,Salem,E106,2024-02-01,26,Male,Post Graduate,Employed,2,50,42392,False,
HIST_01176,PLFS_2026,Salem,E106,2025-12-01,44,Male,Higher Secondary,Employed,3,56,19869,False,
HIST_01177,PLFS_2026,Coimbatore,E106,2024-12-01,49,Female,Higher Secondary,Employed,3,40,24607,False,
HIST_01178,PLFS_2026,Madurai,E104,2024-08-01,42,Female,Post Graduate,Employed,4,45,37712,False,
HIST_01179,PLFS_2026,Chennai,E105,2024-04-01,65,Female,Secondary,Employed,5,50,18402,False,
HIST_01180,PLFS_2026,Salem,E101,2025-03-01,50,Female,Post Graduate,Employed,4,45,35692,False,
HIST_01181,PLFS_2026,Coimbatore,E105,2024-01-01,37,Female,Post Graduate,Employed,1,46,34287,False,
HIST_01182,PLFS_2026,Salem,E107,2025-07-01,57,Female,Higher Secondary,Employed,4,35,21780,False,
HIST_01183,PLFS_2026,Coimbatore,E102,2025-11-01,25,Male,Higher Secondary,Employed,4,47,26214,False,
HIST_01184,PLFS_2026,Salem,E103,2025-08-01,28,Female,Higher Secondary,Self-Employed,4,34,25086,False,
HIST_01185,PLFS_2026,Madurai,E108,2025-09-01,44,Male,Post Graduate,Employed,4,45,41152,False,
HIST_01186,PLFS_2026,Salem,E101,2024-10-01,57,Female,Secondary,Unemployed,3,0,0,False,
HIST_01187,PLFS_2026,Chennai,E102,2025-07-01,27,Female,Higher Secondary,Employed,4,53,20872,False,
HIST_01188,PLFS_2026,Trichy,E108,2025-02-01,35,Male,Higher Secondary,Self-Employed,3,40,23297,False,
HIST_01189,PLFS_2026,Salem,E105,2025-02-01,20,Female,Secondary,Employed,5,39,20598,False,
HIST_01190,PLFS_2026,Salem,E108,2025-10-01,22,Male,Below Primary,Unemployed,4,0,0,False,
HIST_01191,PLFS_2026,Trichy,E103,2025-07-01,26,Female,Secondary,Unemployed,4,0,0,False,
HIST_01192,PLFS_2026,Coimbatore,E105,2025-09-01,50,Female,Post Graduate,Unemployed,5,0,0,False,
HIST_01193,PLFS_2026,Chennai,E104,2024-12-01,45,Female,Secondary,Employed,4,26,20817,False,
HIST_01194,PLFS_2026,Salem,E107,2025-02-01,37,Female,Below Primary,Unemployed,5,0,0,False,
HIST_01195,PLFS_2026,Coimbatore,E105,2024-10-01,41,Male,Higher Secondary,Unemployed,4,0,0,False,
HIST_01196,PLFS_2026,Madurai,E107,2024-08-01,65,Male,Secondary,Employed,3,50,15657,False,
HIST_01197,PLFS_2026,Madurai,E105,2025-03-01,18,Female,Post Graduate,Self-Employed,3,42,34960,False,
HIST_01198,PLFS_2026,Coimbatore,E101,2024-07-01,36,Male,Higher Secondary,Employed,4,43,16438,False,
HIST_01199,PLFS_2026,Salem,E105,2025-10-01,43,Male,Below Primary,Self-Employed,1,28,13774,False,
HIST_01200,PLFS_2026,Coimbatore,E101,2024-02-01,44,Male,Higher Secondary,Unemployed,3,0,0,False,
HIST_01201,PLFS_2026,Chennai,E107,2024-12-01,34,Male,Graduate,Self-Employed,1,39,31653,False,
HIST_01202,PLFS_2026,Madurai,E104,2024-04-01,55,Male,Post Graduate,Unemployed,3,0,0,False,
HIST_01203,PLFS_2026,Trichy,E105,2025-04-01,45,Male,Secondary,Employed,2,47,17108,False,
HIST_01204,PLFS_2026,Salem,E106,2025-07-01,53,Female,Secondary,Self-Employed,2,50,16993,False,
HIST_01205,PLFS_2026,Madurai,E103,2024-04-01,36,Male,Secondary,Self-Employed,3,38,17949,False,
HIST_01206,PLFS_2026,Coimbatore,E107,2024-09-01,37,Male,Graduate,Employed,4,45,32468,False,
HIST_01207,PLFS_2026,Chennai,E106,2025-06-01,49,Female,Graduate,Unemployed,2,0,0,False,
HIST_01208,PLFS_2026,Salem,E103,2024-12-01,45,Female,Higher Secondary,Self-Employed,4,29,22409,False,
HIST_01209,PLFS_2026,Chennai,E101,2025-12-01,32,Male,Secondary,Employed,3,55,15646,False,
HIST_01210,PLFS_2026,Coimbatore,E105,2025-09-01,28,Female,Below Primary,Employed,4,50,11660,False,
HIST_01211,PLFS_2026,Madurai,E108,2025-01-01,51,Male,Graduate,Self-Employed,4,27,25034,False,
HIST_01212,PLFS_2026,Salem,E105,2024-03-01,31,Male,Higher Secondary,Employed,4,24,33215,False,
HIST_01213,PLFS_2026,Madurai,E108,2025-09-01,44,Female,Graduate,Self-Employed,4,54,41124,False,
HIST_01214,PLFS_2026,Salem,E102,2025-04-01,48,Female,Graduate,Self-Employed,5,46,27207,False,
HIST_01215,PLFS_2026,Salem,E107,2024-04-01,32,Male,Higher Secondary,Employed,2,39,16057,False,
HIST_01216,PLFS_2026,Salem,E107,2025-08-01,37,Female,Graduate,Unemployed,1,0,0,False,
HIST_01217,PLFS_2026,Chennai,E103,2025-09-01,39,Female,Secondary,Employed,3,69,22896,False,
HIST_01218,PLFS_2026,Madurai,E105,2024-11-01,23,Male,Below Primary,Employed,4,40,9565,False,
HIST_01219,PLFS_2026,Trichy,E103,2025-08-01,21,Female,Higher Secondary,Employed,4,39,26258,False,
HIST_01220,PLFS_2026,Madurai,E105,2024-06-01,49,Female,Higher Secondary,Employed,5,38,24091,False,
HIST_01221,PLFS_2026,Coimbatore,E106,2024-06-01,45,Female,Graduate,Self-Employed,3,38,37013,False,
HIST_01222,PLFS_2026,Trichy,E104,2024-01-01,40,Male,Post Graduate,Unemployed,4,0,0,False,
HIST_01223,PLFS_2026,Madurai,E102,2025-03-01,31,Male,Higher Secondary,Unemployed,3,0,0,False,
HIST_01224,PLFS_2026,Madurai,E101,2025-01-01,18,Female,Post Graduate,Employed,2,50,42588,False,
HIST_01225,PLFS_2026,Chennai,E106,2024-06-01,33,Male,Below Primary,Unemployed,2,0,0,False,
HIST_01226,PLFS_2026,Coimbatore,E108,2025-10-01,45,Female,Below Primary,Employed,5,41,9231,False,
HIST_01227,PLFS_2026,Madurai,E104,2024-09-01,41,Female,Graduate,Employed,2,40,35421,False,
HIST_01228,PLFS_2026,Coimbatore,E104,2025-08-01,47,Male,Higher Secondary,Unemployed,4,0,0,False,
HIST_01229,PLFS_2026,Madurai,E107,2024-06-01,50,Female,Secondary,Employed,3,55,22653,False,
HIST_01230,PLFS_2026,Salem,E104,2025-08-01,57,Female,Secondary,Employed,4,49,23091,False,
HIST_01231,PLFS_2026,Coimbatore,E102,2024-01-01,43,Female,Secondary,Self-Employed,3,41,18858,False,
HIST_01232,PLFS_2026,Coimbatore,E104,2025-11-01,22,Female,Graduate,Unemployed,3,0,0,False,
HIST_01233,PLFS_2026,Salem,E102,2024-04-01,56,Male,Below Primary,Employed,5,41,13304,False,
HIST_01234,PLFS_2026,Madurai,E108,2024-12-01,38,Male,Below Primary,Employed,5,52,8639,False,
HIST_01235,PLFS_2026,Trichy,E107,2024-10-01,45,Female,Higher Secondary,Employed,3,45,18796,False,
HIST_01236,PLFS_2026,Trichy,E101,2025-07-01,58,Male,Higher Secondary,Employed,5,39,16127,False,
HIST_01237,PLFS_2026,Coimbatore,E106,2025-03-01,33,Male,Below Primary,Employed,4,46,15007,False,
HIST_01238,PLFS_2026,Trichy,E107,2024-05-01,47,Female,Below Primary,Employed,5,47,8665,False,
HIST_01239,PLFS_2026,Madurai,E108,2024-09-01,35,Female,Graduate,Employed,5,44,30817,False,
HIST_01240,PLFS_2026,Salem,E105,2025-05-01,34,Female,Graduate,Self-Employed,2,44,29730,False,
HIST_01241,PLFS_2026,Salem,E108,2024-05-01,30,Female,Below Primary,Employed,3,37,14686,False,
HIST_01242,PLFS_2026,Chennai,E104,2024-06-01,34,Male,Graduate,Employed,5,57,27546,False,
HIST_01243,PLFS_2026,Coimbatore,E107,2024-04-01,25,Female,Below Primary,Employed,1,33,8702,False,
HIST_01244,PLFS_2026,Trichy,E108,2025-03-01,54,Female,Below Primary,Self-Employed,4,48,6670,False,
HIST_01245,PLFS_2026,Madurai,E102,2024-12-01,23,Male,Secondary,Self-Employed,5,47,17470,False,
HIST_01246,PLFS_2026,Madurai,E103,2025-12-01,44,Female,Post Graduate,Self-Employed,6,43,38527,False,
HIST_01247,PLFS_2026,Trichy,E104,2025-07-01,40,Male,Post Graduate,Self-Employed,7,28,43192,False,
HIST_01248,PLFS_2026,Madurai,E107,2024-03-01,36,Male,Graduate,Unemployed,4,0,0,False,
HIST_01249,PLFS_2026,Salem,E101,2024-10-01,46,Male,Graduate,Employed,8,51,23250,False,
HIST_01250,PLFS_2026,Chennai,E106,2024-05-01,32,Male,Below Primary,Employed,3,30,11207,False,
HIST_01251,PLFS_2026,Coimbatore,E108,2025-09-01,46,Female,Post Graduate,Unemployed,2,0,0,False,
HIST_01252,PLFS_2026,Salem,E101,2025-09-01,29,Female,Higher Secondary,Self-Employed,3,57,25227,False,
HIST_01253,PLFS_2026,Trichy,E103,2024-07-01,38,Male,Higher Secondary,Employed,3,45,19748,False,
HIST_01254,PLFS_2026,Chennai,E102,2025-06-01,18,Female,Below Primary,Employed,6,46,12955,False,
HIST_01255,PLFS_2026,Madurai,E104,2025-01-01,37,Male,Below Primary,Self-Employed,3,43,8161,False,
HIST_01256,PLFS_2026,Madurai,E107,2025-01-01,65,Female,Secondary,Employed,2,36,16415,False,
HIST_01257,PLFS_2026,Coimbatore,E107,2025-12-01,53,Female,Post Graduate,Employed,4,35,47532,False,
HIST_01258,PLFS_2026,Chennai,E106,2025-05-01,46,Male,Graduate,Employed,4,50,41408,False,
HIST_01259,PLFS_2026,Coimbatore,E108,2024-09-01,64,Female,Below Primary,Self-Employed,3,57,12919,False,
HIST_01260,PLFS_2026,Salem,E103,2025-02-01,43,Female,Below Primary,Employed,1,43,10049,False,
HIST_01261,PLFS_2026,Salem,E108,2025-10-01,47,Male,Secondary,Self-Employed,5,28,17920,False,
HIST_01262,PLFS_2026,Trichy,E102,2024-10-01,51,Female,Graduate,Employed,3,50,29966,False,
HIST_01263,PLFS_2026,Coimbatore,E105,2024-05-01,42,Male,Higher Secondary,Self-Employed,3,35,17065,False,
HIST_01264,PLFS_2026,Trichy,E107,2024-10-01,46,Male,Post Graduate,Employed,4,43,34778,False,
HIST_01265,PLFS_2026,Chennai,E102,2025-05-01,34,Female,Graduate,Employed,5,42,20490,False,
HIST_01266,PLFS_2026,Trichy,E105,2024-12-01,46,Female,Post Graduate,Employed,3,45,50217,False,
HIST_01267,PLFS_2026,Trichy,E101,2024-04-01,37,Female,Secondary,Self-Employed,4,35,17209,False,
HIST_01268,PLFS_2026,Coimbatore,E101,2024-03-01,45,Female,Higher Secondary,Employed,1,46,22443,False,
HIST_01269,PLFS_2026,Coimbatore,E108,2025-08-01,38,Female,Higher Secondary,Self-Employed,5,47,28503,False,
HIST_01270,PLFS_2026,Madurai,E104,2024-06-01,26,Male,Post Graduate,Employed,4,45,29873,False,
HIST_01271,PLFS_2026,Chennai,E107,2025-06-01,49,Male,Below Primary,Employed,7,44,13212,False,
HIST_01272,PLFS_2026,Chennai,E103,2025-09-01,39,Female,Graduate,Unemployed,3,0,0,False,
HIST_01273,PLFS_2026,Trichy,E108,2024-10-01,21,Female,Graduate,Self-Employed,6,44,26062,False,
HIST_01274,PLFS_2026,Chennai,E103,2024-05-01,48,Male,Secondary,Employed,2,38,18245,False,
HIST_01275,PLFS_2026,Chennai,E104,2024-01-01,50,Male,Graduate,Unemployed,4,0,0,False,
HIST_01276,PLFS_2026,Madurai,E107,2025-09-01,42,Male,Below Primary,Employed,4,36,12110,False,
HIST_01277,PLFS_2026,Coimbatore,E103,2025-04-01,25,Female,Below Primary,Employed,4,41,18094,False,
HIST_01278,PLFS_2026,Madurai,E108,2025-04-01,37,Female,Below Primary,Self-Employed,2,43,13246,False,
HIST_01279,PLFS_2026,Trichy,E104,2024-07-01,58,Female,Post Graduate,Self-Employed,3,32,44207,False,
HIST_01280,PLFS_2026,Coimbatore,E101,2024-11-01,21,Male,Below Primary,Unemployed,3,0,0,False,
HIST_01281,PLFS_2026,Coimbatore,E107,2025-04-01,46,Female,Below Primary,Employed,3,42,11965,False,
HIST_01282,PLFS_2026,Coimbatore,E108,2024-08-01,39,Male,Post Graduate,Employed,4,48,44413,False,
HIST_01283,PLFS_2026,Trichy,E106,2025-06-01,42,Male,Higher Secondary,Self-Employed,4,32,22221,False,
HIST_01284,PLFS_2026,Coimbatore,E108,2024-04-01,43,Female,Post Graduate,Self-Employed,4,39,32991,False,
HIST_01285,PLFS_2026,Salem,E108,2025-11-01,31,Female,Below Primary,Employed,4,53,11022,False,
HIST_01286,PLFS_2026,Madurai,E108,2024-12-01,48,Female,Secondary,Employed,4,44,17239,False,
HIST_01287,PLFS_2026,Trichy,E106,2025-08-01,46,Female,Secondary,Self-Employed,4,63,14931,False,
HIST_01288,PLFS_2026,Coimbatore,E107,2025-10-01,44,Female,Graduate,Self-Employed,3,38,27939,False,
HIST_01289,PLFS_2026,Madurai,E104,2024-10-01,39,Male,Graduate,Employed,7,43,21670,False,
HIST_01290,PLFS_2026,Madurai,E103,2025-08-01,41,Female,Below Primary,Self-Employed,1,44,12038,False,
HIST_01291,PLFS_2026,Coimbatore,E105,2024-08-01,47,Male,Post Graduate,Employed,5,40,36855,False,
HIST_01292,PLFS_2026,Chennai,E106,2024-09-01,28,Female,Secondary,Employed,2,47,13415,False,
HIST_01293,PLFS_2026,Trichy,E101,2024-03-01,33,Female,Graduate,Employed,2,49,38088,False,
HIST_01294,PLFS_2026,Madurai,E102,2025-06-01,22,Male,Graduate,Employed,1,44,28087,False,
HIST_01295,PLFS_2026,Salem,E106,2024-02-01,40,Female,Secondary,Self-Employed,3,43,19323,False,
HIST_01296,PLFS_2026,Trichy,E102,2025-11-01,50,Male,Graduate,Self-Employed,1,42,29197,False,
HIST_01297,PLFS_2026,Chennai,E102,2025-08-01,26,Male,Post Graduate,Employed,6,39,37686,False,
HIST_01298,PLFS_2026,Chennai,E103,2025-09-01,44,Male,Secondary,Self-Employed,3,30,16456,False,
HIST_01299,PLFS_2026,Madurai,E105,2025-11-01,50,Female,Post Graduate,Employed,3,38,45035,False,
HIST_01300,PLFS_2026,Chennai,E103,2025-09-01,34,Female,Higher Secondary,Self-Employed,3,46,25391,False,
HIST_01301,PLFS_2026,Chennai,E104,2025-03-01,65,Female,Below Primary,Employed,5,54,10785,False,
HIST_01302,PLFS_2026,Coimbatore,E106,2024-10-01,25,Male,Below Primary,Employed,4,45,9411,False,
HIST_01303,PLFS_2026,Coimbatore,E106,2025-09-01,35,Male,Secondary,Self-Employed,4,47,19815,False,
HIST_01304,PLFS_2026,Trichy,E107,2024-08-01,41,Male,Graduate,Employed,3,40,21285,False,
HIST_01305,PLFS_2026,Coimbatore,E108,2025-05-01,59,Female,Below Primary,Employed,4,43,9770,False,
HIST_01306,PLFS_2026,Chennai,E102,2024-03-01,65,Female,Higher Secondary,Employed,2,41,23829,False,
HIST_01307,PLFS_2026,Madurai,E107,2024-02-01,45,Female,Below Primary,Unemployed,5,0,0,False,
HIST_01308,PLFS_2026,Madurai,E101,2025-09-01,25,Female,Graduate,Employed,3,47,39582,False,
HIST_01309,PLFS_2026,Trichy,E105,2025-12-01,21,Female,Higher Secondary,Employed,5,46,25686,False,
HIST_01310,PLFS_2026,Salem,E103,2025-11-01,36,Female,Graduate,Unemployed,2,0,0,False,
HIST_01311,PLFS_2026,Trichy,E108,2025-11-01,49,Female,Graduate,Self-Employed,3,40,19270,False,
HIST_01312,PLFS_2026,Salem,E102,2024-02-01,47,Female,Graduate,Unemployed,4,0,0,False,
HIST_01313,PLFS_2026,Madurai,E105,2024-07-01,32,Male,Post Graduate,Employed,2,38,29382,False,
HIST_01314,PLFS_2026,Trichy,E106,2025-09-01,33,Male,Below Primary,Employed,3,31,16854,False,
HIST_01315,PLFS_2026,Trichy,E105,2024-08-01,53,Female,Graduate,Self-Employed,2,47,30337,False,
HIST_01316,PLFS_2026,Chennai,E101,2024-12-01,52,Female,Post Graduate,Employed,2,53,33835,False,
HIST_01317,PLFS_2026,Chennai,E102,2025-03-01,21,Female,Post Graduate,Unemployed,4,0,0,False,
HIST_01318,PLFS_2026,Coimbatore,E106,2024-08-01,23,Male,Higher Secondary,Employed,4,41,25446,False,
HIST_01319,PLFS_2026,Trichy,E103,2025-11-01,20,Female,Post Graduate,Unemployed,2,0,0,False,
HIST_01320,PLFS_2026,Chennai,E106,2025-05-01,30,Male,Higher Secondary,Employed,4,53,24638,False,
HIST_01321,PLFS_2026,Madurai,E107,2025-02-01,57,Male,Below Primary,Employed,4,35,15272,False,
HIST_01322,PLFS_2026,Madurai,E108,2024-07-01,30,Female,Below Primary,Employed,5,57,13096,False,
HIST_01323,PLFS_2026,Trichy,E107,2025-07-01,20,Female,Higher Secondary,Employed,2,55,21255,False,
HIST_01324,PLFS_2026,Coimbatore,E108,2025-11-01,38,Female,Graduate,Self-Employed,4,50,29561,False,
HIST_01325,PLFS_2026,Madurai,E103,2025-04-01,35,Female,Secondary,Self-Employed,3,51,19992,False,
HIST_01326,PLFS_2026,Trichy,E102,2025-11-01,34,Male,Graduate,Employed,5,43,23230,False,
HIST_01327,PLFS_2026,Madurai,E106,2024-04-01,28,Female,Below Primary,Employed,2,42,14960,False,
HIST_01328,PLFS_2026,Trichy,E105,2024-02-01,28,Male,Below Primary,Employed,4,39,11375,False,
HIST_01329,PLFS_2026,Salem,E105,2024-10-01,19,Female,Below Primary,Self-Employed,3,43,13296,False,
HIST_01330,PLFS_2026,Madurai,E107,2024-02-01,40,Female,Higher Secondary,Employed,2,53,22925,False,
HIST_01331,PLFS_2026,Coimbatore,E101,2024-04-01,40,Female,Below Primary,Self-Employed,3,40,12522,False,
HIST_01332,PLFS_2026,Coimbatore,E108,2025-07-01,43,Female,Post Graduate,Employed,1,40,36062,False,
HIST_01333,PLFS_2026,Salem,E107,2025-04-01,41,Male,Secondary,Employed,5,38,16207,False,
HIST_01334,PLFS_2026,Coimbatore,E108,2025-10-01,31,Female,Secondary,Self-Employed,2,42,20774,False,
HIST_01335,PLFS_2026,Salem,E102,2025-08-01,25,Female,Graduate,Employed,4,31,24856,False,
HIST_01336,PLFS_2026,Coimbatore,E106,2025-06-01,34,Male,Graduate,Unemployed,6,0,0,False,
HIST_01337,PLFS_2026,Chennai,E103,2025-11-01,18,Male,Post Graduate,Unemployed,4,0,0,False,
HIST_01338,PLFS_2026,Salem,E102,2025-09-01,40,Male,Secondary,Self-Employed,5,40,21221,False,
HIST_01339,PLFS_2026,Trichy,E101,2025-07-01,18,Male,Graduate,Employed,2,30,26460,False,
HIST_01340,PLFS_2026,Chennai,E102,2025-10-01,37,Male,Below Primary,Employed,4,45,9773,False,
HIST_01341,PLFS_2026,Madurai,E104,2025-11-01,35,Female,Below Primary,Self-Employed,2,55,11271,False,
HIST_01342,PLFS_2026,Trichy,E106,2025-01-01,32,Male,Graduate,Self-Employed,6,35,21696,False,
HIST_01343,PLFS_2026,Chennai,E106,2025-02-01,24,Male,Graduate,Employed,3,48,32142,False,
HIST_01344,PLFS_2026,Trichy,E106,2025-01-01,65,Female,Below Primary,Employed,1,49,10662,False,
HIST_01345,PLFS_2026,Chennai,E103,2024-10-01,30,Male,Secondary,Employed,3,37,24064,False,
HIST_01346,PLFS_2026,Chennai,E103,2024-10-01,48,Female,Secondary,Employed,4,55,12554,False,
HIST_01347,PLFS_2026,Salem,E103,2024-01-01,22,Male,Higher Secondary,Employed,1,39,22711,False,
HIST_01348,PLFS_2026,Salem,E103,2025-02-01,39,Female,Higher Secondary,Employed,4,33,25533,False,
HIST_01349,PLFS_2026,Chennai,E101,2024-07-01,40,Male,Post Graduate,Employed,4,29,40367,False,
HIST_01350,PLFS_2026,Coimbatore,E107,2024-04-01,23,Female,Below Primary,Employed,3,49,12218,False,
HIST_01351,PLFS_2026,Trichy,E107,2024-03-01,27,Female,Below Primary,Employed,4,32,14760,False,
HIST_01352,PLFS_2026,Madurai,E101,2024-09-01,35,Male,Secondary,Self-Employed,5,40,16115,False,
HIST_01353,PLFS_2026,Madurai,E105,2025-07-01,28,Female,Graduate,Employed,5,39,31609,False,
HIST_01354,PLFS_2026,Trichy,E104,2024-05-01,33,Female,Post Graduate,Self-Employed,1,40,29038,False,
HIST_01355,PLFS_2026,Madurai,E107,2025-06-01,38,Female,Below Primary,Employed,2,52,11781,False,
HIST_01356,PLFS_2026,Coimbatore,E105,2025-09-01,35,Male,Below Primary,Employed,4,52,11951,False,
HIST_01357,PLFS_2026,Coimbatore,E105,2025-08-01,28,Female,Graduate,Self-Employed,1,39,24543,False,
HIST_01358,PLFS_2026,Madurai,E105,2024-02-01,39,Male,Post Graduate,Employed,3,50,33341,False,
HIST_01359,PLFS_2026,Salem,E102,2025-01-01,37,Male,Secondary,Unemployed,5,0,0,False,
HIST_01360,PLFS_2026,Salem,E107,2024-07-01,30,Female,Higher Secondary,Unemployed,3,0,0,False,
HIST_01361,PLFS_2026,Coimbatore,E105,2024-08-01,47,Female,Higher Secondary,Employed,3,34,29779,False,
HIST_01362,PLFS_2026,Trichy,E106,2024-01-01,41,Male,Below Primary,Unemployed,2,0,0,False,
HIST_01363,PLFS_2026,Chennai,E101,2025-10-01,58,Male,Graduate,Employed,2,52,35837,False,
HIST_01364,PLFS_2026,Coimbatore,E107,2025-06-01,30,Male,Below Primary,Employed,3,36,11511,False,
HIST_01365,PLFS_2026,Coimbatore,E102,2024-12-01,37,Female,Post Graduate,Employed,4,53,32314,False,
HIST_01366,PLFS_2026,Madurai,E101,2024-04-01,18,Female,Higher Secondary,Self-Employed,3,47,23097,False,
HIST_01367,PLFS_2026,Coimbatore,E101,2024-08-01,34,Male,Higher Secondary,Unemployed,4,0,0,False,
HIST_01368,PLFS_2026,Salem,E104,2024-03-01,33,Female,Secondary,Employed,3,43,23892,False,
HIST_01369,PLFS_2026,Coimbatore,E106,2024-02-01,35,Female,Graduate,Self-Employed,3,41,34154,False,
HIST_01370,PLFS_2026,Trichy,E104,2024-01-01,61,Male,Graduate,Employed,4,45,28205,False,
HIST_01371,PLFS_2026,Salem,E108,2024-06-01,18,Male,Post Graduate,Unemployed,4,0,0,False,
HIST_01372,PLFS_2026,Trichy,E103,2024-03-01,29,Male,Below Primary,Employed,3,41,14451,False,
HIST_01373,PLFS_2026,Trichy,E104,2025-05-01,33,Female,Secondary,Self-Employed,6,48,13407,False,
HIST_01374,PLFS_2026,Chennai,E105,2025-10-01,36,Female,Below Primary,Self-Employed,3,27,15838,False,
HIST_01375,PLFS_2026,Chennai,E106,2025-02-01,46,Female,Higher Secondary,Employed,4,46,15919,False,
HIST_01376,PLFS_2026,Trichy,E108,2025-04-01,32,Female,Post Graduate,Self-Employed,5,36,18758,False,
HIST_01377,PLFS_2026,Madurai,E101,2024-09-01,35,Female,Post Graduate,Employed,3,46,43536,False,
HIST_01378,PLFS_2026,Chennai,E107,2024-07-01,45,Female,Below Primary,Self-Employed,4,54,8354,False,
HIST_01379,PLFS_2026,Chennai,E104,2025-11-01,44,Female,Below Primary,Self-Employed,4,35,8393,False,
HIST_01380,PLFS_2026,Madurai,E103,2024-11-01,29,Female,Below Primary,Unemployed,3,0,0,False,
HIST_01381,PLFS_2026,Chennai,E101,2025-04-01,27,Female,Below Primary,Employed,3,53,12031,False,
HIST_01382,PLFS_2026,Salem,E105,2024-08-01,35,Male,Graduate,Employed,3,55,23804,False,
HIST_01383,PLFS_2026,Salem,E101,2024-11-01,53,Male,Below Primary,Self-Employed,4,43,18002,False,
HIST_01384,PLFS_2026,Trichy,E108,2024-04-01,25,Female,Post Graduate,Employed,3,35,45238,False,
HIST_01385,PLFS_2026,Chennai,E101,2025-01-01,58,Female,Below Primary,Self-Employed,6,54,11525,False,
HIST_01386,PLFS_2026,Chennai,E108,2024-02-01,33,Female,Post Graduate,Unemployed,1,0,0,False,
HIST_01387,PLFS_2026,Chennai,E102,2025-10-01,32,Male,Post Graduate,Employed,5,37,41090,False,
HIST_01388,PLFS_2026,Coimbatore,E107,2024-04-01,35,Female,Secondary,Self-Employed,4,44,12776,False,
HIST_01389,PLFS_2026,Trichy,E101,2025-03-01,38,Female,Graduate,Self-Employed,5,44,32340,False,
HIST_01390,PLFS_2026,Trichy,E102,2024-11-01,25,Male,Graduate,Employed,3,40,32183,False,
HIST_01391,PLFS_2026,Trichy,E104,2024-04-01,38,Male,Below Primary,Employed,4,53,13659,False,
HIST_01392,PLFS_2026,Chennai,E104,2025-07-01,41,Male,Post Graduate,Employed,2,44,33948,False,
HIST_01393,PLFS_2026,Coimbatore,E108,2025-12-01,33,Female,Secondary,Employed,3,37,10953,False,
HIST_01394,PLFS_2026,Chennai,E101,2024-05-01,29,Female,Post Graduate,Employed,4,34,38119,False,
HIST_01395,PLFS_2026,Salem,E105,2025-07-01,60,Male,Secondary,Employed,5,58,19408,False,
HIST_01396,PLFS_2026,Trichy,E106,2024-10-01,52,Female,Below Primary,Employed,3,39,5426,False,
HIST_01397,PLFS_2026,Madurai,E101,2024-08-01,52,Male,Graduate,Employed,6,40,26577,False,
HIST_01398,PLFS_2026,Madurai,E104,2024-03-01,28,Female,Secondary,Unemployed,4,0,0,False,
HIST_01399,PLFS_2026,Coimbatore,E106,2025-07-01,42,Female,Post Graduate,Employed,3,45,41488,False,
HIST_01400,PLFS_2026,Salem,E103,2024-04-01,35,Female,Below Primary,Employed,3,43,14328,False,
HIST_01401,PLFS_2026,Chennai,E104,2025-11-01,43,Male,Graduate,Unemployed,4,0,0,False,
HIST_01402,PLFS_2026,Madurai,E108,2025-12-01,48,Female,Graduate,Employed,4,50,37892,False,
HIST_01403,PLFS_2026,Madurai,E101,2024-12-01,50,Male,Below Primary,Employed,4,40,5871,False,
HIST_01404,PLFS_2026,Trichy,E102,2024-05-01,35,Female,Graduate,Employed,3,48,27138,False,
HIST_01405,PLFS_2026,Trichy,E106,2024-02-01,34,Male,Secondary,Employed,1,37,19715,False,
HIST_01406,PLFS_2026,Madurai,E104,2024-09-01,58,Male,Higher Secondary,Self-Employed,3,47,26190,False,
HIST_01407,PLFS_2026,Madurai,E103,2024-07-01,28,Male,Secondary,Self-Employed,4,39,21113,False,
HIST_01408,PLFS_2026,Chennai,E101,2025-10-01,39,Male,Graduate,Unemployed,4,0,0,False,
HIST_01409,PLFS_2026,Chennai,E106,2024-07-01,63,Female,Graduate,Employed,2,42,29297,False,
HIST_01410,PLFS_2026,Salem,E103,2025-05-01,47,Female,Below Primary,Employed,3,22,15262,False,
HIST_01411,PLFS_2026,Madurai,E104,2024-07-01,47,Female,Higher Secondary,Employed,1,40,28900,False,
HIST_01412,PLFS_2026,Coimbatore,E104,2024-02-01,55,Male,Post Graduate,Employed,5,43,38630,False,
HIST_01413,PLFS_2026,Madurai,E106,2024-08-01,36,Male,Higher Secondary,Self-Employed,5,37,18454,False,
HIST_01414,PLFS_2026,Trichy,E108,2024-07-01,50,Male,Graduate,Self-Employed,3,56,24239,False,
HIST_01415,PLFS_2026,Trichy,E102,2024-06-01,37,Female,Post Graduate,Employed,2,45,26763,False,
HIST_01416,PLFS_2026,Trichy,E108,2024-06-01,32,Female,Higher Secondary,Employed,2,50,25152,False,
HIST_01417,PLFS_2026,Coimbatore,E108,2025-04-01,18,Female,Post Graduate,Employed,5,64,38349,False,
HIST_01418,PLFS_2026,Trichy,E101,2024-07-01,30,Male,Secondary,Employed,7,34,18072,False,
HIST_01419,PLFS_2026,Madurai,E107,2024-07-01,40,Female,Graduate,Self-Employed,5,47,25207,False,
HIST_01420,PLFS_2026,Trichy,E103,2024-12-01,26,Female,Post Graduate,Employed,3,36,38363,False,
HIST_01421,PLFS_2026,Chennai,E105,2025-03-01,31,Female,Secondary,Employed,2,55,16208,False,
HIST_01422,PLFS_2026,Coimbatore,E106,2025-02-01,22,Female,Graduate,Employed,3,45,18219,False,
HIST_01423,PLFS_2026,Salem,E108,2024-11-01,41,Female,Graduate,Employed,2,58,30934,False,
HIST_01424,PLFS_2026,Coimbatore,E104,2024-09-01,33,Male,Higher Secondary,Self-Employed,3,44,24696,False,
HIST_01425,PLFS_2026,Salem,E102,2024-09-01,37,Male,Below Primary,Employed,3,45,10550,False,
HIST_01426,PLFS_2026,Salem,E101,2025-06-01,33,Male,Higher Secondary,Employed,1,52,23314,False,
HIST_01427,PLFS_2026,Salem,E105,2024-10-01,28,Female,Secondary,Unemployed,6,0,0,False,
HIST_01428,PLFS_2026,Madurai,E105,2024-01-01,48,Female,Higher Secondary,Self-Employed,4,48,20126,False,
HIST_01429,PLFS_2026,Coimbatore,E107,2025-07-01,43,Male,Graduate,Unemployed,3,0,0,False,
HIST_01430,PLFS_2026,Madurai,E107,2024-08-01,32,Male,Secondary,Employed,6,38,15826,False,
HIST_01431,PLFS_2026,Trichy,E108,2025-12-01,32,Female,Higher Secondary,Self-Employed,2,27,20985,False,
HIST_01432,PLFS_2026,Salem,E104,2025-02-01,39,Female,Secondary,Employed,3,43,18154,False,
HIST_01433,PLFS_2026,Trichy,E101,2024-12-01,50,Male,Post Graduate,Self-Employed,3,40,35863,False,
HIST_01434,PLFS_2026,Salem,E101,2025-04-01,44,Female,Higher Secondary,Employed,5,39,22435,False,
HIST_01435,PLFS_2026,Coimbatore,E107,2025-11-01,42,Female,Higher Secondary,Employed,2,45,15551,False,
HIST_01436,PLFS_2026,Trichy,E101,2024-05-01,18,Male,Higher Secondary,Employed,4,41,22890,False,
HIST_01437,PLFS_2026,Trichy,E107,2025-01-01,37,Male,Graduate,Employed,2,44,21094,False,
HIST_01438,PLFS_2026,Coimbatore,E104,2025-04-01,54,Male,Higher Secondary,Employed,2,43,17414,False,
HIST_01439,PLFS_2026,Coimbatore,E105,2024-03-01,44,Male,Below Primary,Unemployed,3,0,0,False,
HIST_01440,PLFS_2026,Madurai,E101,2025-11-01,38,Female,Below Primary,Employed,4,37,8628,False,
HIST_01441,PLFS_2026,Chennai,E107,2024-10-01,39,Male,Secondary,Employed,3,50,17712,False,
HIST_01442,PLFS_2026,Trichy,E102,2025-03-01,40,Male,Higher Secondary,Employed,1,60,21277,False,
HIST_01443,PLFS_2026,Madurai,E106,2025-02-01,46,Female,Secondary,Self-Employed,2,47,13309,False,
HIST_01444,PLFS_2026,Madurai,E107,2025-04-01,43,Male,Graduate,Self-Employed,3,45,31908,False,
HIST_01445,PLFS_2026,Madurai,E103,2024-07-01,23,Female,Graduate,Self-Employed,3,48,39750,False,
HIST_01446,PLFS_2026,Coimbatore,E103,2025-08-01,36,Female,Post Graduate,Employed,4,44,52761,False,
HIST_01447,PLFS_2026,Coimbatore,E105,2024-07-01,18,Male,Secondary,Employed,4,31,8976,False,
HIST_01448,PLFS_2026,Coimbatore,E104,2025-05-01,41,Female,Post Graduate,Self-Employed,4,42,37192,False,
HIST_01449,PLFS_2026,Coimbatore,E108,2025-07-01,65,Male,Below Primary,Employed,3,49,10441,False,
HIST_01450,PLFS_2026,Coimbatore,E106,2025-11-01,41,Female,Graduate,Unemployed,3,0,0,False,
HIST_01451,PLFS_2026,Madurai,E107,2024-08-01,52,Male,Post Graduate,Unemployed,4,0,0,False,
HIST_01452,PLFS_2026,Coimbatore,E107,2025-10-01,65,Male,Post Graduate,Employed,3,53,48958,False,
HIST_01453,PLFS_2026,Chennai,E104,2024-06-01,40,Female,Post Graduate,Employed,2,25,43199,False,
HIST_01454,PLFS_2026,Chennai,E104,2025-04-01,28,Female,Post Graduate,Employed,4,35,35984,False,
HIST_01455,PLFS_2026,Salem,E102,2024-04-01,38,Female,Graduate,Employed,4,36,34702,False,
HIST_01456,PLFS_2026,Salem,E104,2025-05-01,30,Male,Graduate,Employed,1,44,28192,False,
HIST_01457,PLFS_2026,Coimbatore,E107,2024-11-01,39,Female,Secondary,Employed,5,43,17569,False,
HIST_01458,PLFS_2026,Chennai,E105,2024-04-01,24,Male,Higher Secondary,Unemployed,5,0,0,False,
HIST_01459,PLFS_2026,Coimbatore,E108,2025-03-01,18,Male,Below Primary,Employed,5,35,10580,False,
HIST_01460,PLFS_2026,Madurai,E108,2024-05-01,42,Female,Higher Secondary,Self-Employed,2,33,12654,False,
HIST_01461,PLFS_2026,Madurai,E101,2025-08-01,46,Male,Secondary,Employed,3,68,14420,False,
HIST_01462,PLFS_2026,Trichy,E107,2024-06-01,26,Male,Below Primary,Unemployed,3,0,0,False,
HIST_01463,PLFS_2026,Madurai,E108,2024-12-01,45,Male,Secondary,Unemployed,2,0,0,False,
HIST_01464,PLFS_2026,Trichy,E104,2025-03-01,18,Male,Post Graduate,Unemployed,3,0,0,False,
HIST_01465,PLFS_2026,Chennai,E107,2025-11-01,52,Female,Graduate,Employed,5,42,17954,False,
HIST_01466,PLFS_2026,Chennai,E101,2025-01-01,31,Male,Secondary,Employed,3,39,15488,False,
HIST_01467,PLFS_2026,Madurai,E104,2024-03-01,30,Male,Graduate,Employed,3,39,29166,False,
HIST_01468,PLFS_2026,Chennai,E106,2024-07-01,42,Male,Secondary,Self-Employed,2,55,14471,False,
HIST_01469,PLFS_2026,Chennai,E103,2025-12-01,18,Male,Below Primary,Employed,4,38,12771,False,
HIST_01470,PLFS_2026,Chennai,E106,2024-11-01,18,Male,Post Graduate,Employed,5,50,26596,False,
HIST_01471,PLFS_2026,Trichy,E107,2025-02-01,20,Male,Secondary,Employed,6,39,14996,False,
HIST_01472,PLFS_2026,Salem,E106,2024-06-01,18,Male,Graduate,Unemployed,3,0,0,False,
HIST_01473,PLFS_2026,Chennai,E107,2024-07-01,21,Female,Secondary,Employed,2,48,21624,False,
HIST_01474,PLFS_2026,Salem,E106,2024-02-01,19,Male,Secondary,Employed,5,45,21930,False,
HIST_01475,PLFS_2026,Trichy,E108,2024-04-01,37,Male,Higher Secondary,Self-Employed,1,43,26664,False,
HIST_01476,PLFS_2026,Trichy,E106,2025-09-01,27,Female,Secondary,Employed,3,43,7561,False,
HIST_01477,PLFS_2026,Salem,E108,2024-03-01,58,Female,Below Primary,Unemployed,2,0,0,False,
HIST_01478,PLFS_2026,Trichy,E108,2025-01-01,53,Male,Post Graduate,Employed,4,43,31209,False,
HIST_01479,PLFS_2026,Chennai,E104,2024-01-01,47,Male,Higher Secondary,Employed,1,50,17164,False,
HIST_01480,PLFS_2026,Coimbatore,E104,2025-08-01,53,Male,Below Primary,Employed,4,50,12196,False,
HIST_01481,PLFS_2026,Coimbatore,E105,2024-07-01,18,Male,Graduate,Employed,2,50,28933,False,
HIST_01482,PLFS_2026,Chennai,E104,2025-12-01,52,Female,Higher Secondary,Employed,4,37,18497,False,
HIST_01483,PLFS_2026,Salem,E101,2025-05-01,39,Female,Higher Secondary,Self-Employed,1,58,23943,False,
HIST_01484,PLFS_2026,Madurai,E106,2024-11-01,52,Male,Secondary,Employed,1,54,26033,False,
HIST_01485,PLFS_2026,Madurai,E104,2025-08-01,22,Female,Post Graduate,Employed,5,45,26262,False,
HIST_01486,PLFS_2026,Coimbatore,E101,2024-03-01,43,Female,Below Primary,Self-Employed,5,40,14798,False,
HIST_01487,PLFS_2026,Chennai,E103,2024-07-01,18,Male,Below Primary,Employed,2,46,12060,False,
HIST_01488,PLFS_2026,Trichy,E104,2024-08-01,29,Male,Graduate,Unemployed,5,0,0,False,
HIST_01489,PLFS_2026,Salem,E103,2025-12-01,36,Male,Secondary,Employed,4,41,25393,False,
HIST_01490,PLFS_2026,Trichy,E104,2024-10-01,28,Female,Post Graduate,Employed,6,45,27546,False,
HIST_01491,PLFS_2026,Madurai,E105,2025-04-01,54,Male,Higher Secondary,Employed,4,51,27384,False,
HIST_01492,PLFS_2026,Madurai,E108,2025-03-01,42,Female,Post Graduate,Unemployed,3,0,0,False,
HIST_01493,PLFS_2026,Coimbatore,E103,2025-04-01,46,Male,Graduate,Employed,1,48,24423,False,
HIST_01494,PLFS_2026,Chennai,E105,2025-08-01,57,Male,Post Graduate,Unemployed,4,0,0,False,
HIST_01495,PLFS_2026,Salem,E107,2025-03-01,26,Female,Graduate,Employed,6,60,30200,False,
HIST_01496,PLFS_2026,Trichy,E108,2024-03-01,57,Female,Secondary,Unemployed,3,0,0,False,
HIST_01497,PLFS_2026,Madurai,E103,2024-07-01,43,Male,Below Primary,Self-Employed,3,49,12735,False,
HIST_01498,PLFS_2026,Salem,E108,2025-01-01,26,Female,Graduate,Self-Employed,4,51,28960,False,
HIST_01499,PLFS_2026,Salem,E107,2025-04-01,51,Female,Post Graduate,Employed,2,48,29105,False,
HIST_01500,PLFS_2026,Chennai,E102,2025-01-01,24,Male,Secondary,Self-Employed,3,37,16027,False,
HIST_01501,PLFS_2026,Salem,E106,2025-05-01,35,Female,Higher Secondary,Unemployed,5,0,0,False,
HIST_01502,PLFS_2026,Coimbatore,E107,2025-12-01,51,Male,Secondary,Employed,2,44,19607,False,
HIST_01503,PLFS_2026,Salem,E101,2025-11-01,40,Male,Higher Secondary,Unemployed,5,0,0,False,
HIST_01504,PLFS_2026,Madurai,E105,2024-08-01,64,Male,Below Primary,Employed,4,43,14313,False,
HIST_01505,PLFS_2026,Chennai,E107,2025-01-01,40,Male,Post Graduate,Self-Employed,4,64,35909,False,
HIST_01506,PLFS_2026,Coimbatore,E103,2025-02-01,34,Female,Higher Secondary,Employed,4,53,15371,False,
HIST_01507,PLFS_2026,Trichy,E107,2025-07-01,18,Female,Graduate,Self-Employed,3,31,25620,False,
HIST_01508,PLFS_2026,Chennai,E102,2025-09-01,44,Female,Secondary,Employed,2,33,18249,False,
HIST_01509,PLFS_2026,Madurai,E107,2025-11-01,48,Female,Below Primary,Self-Employed,1,51,13961,False,
HIST_01510,PLFS_2026,Coimbatore,E101,2024-04-01,49,Male,Graduate,Employed,5,62,26005,False,
HIST_01511,PLFS_2026,Salem,E107,2024-06-01,39,Male,Higher Secondary,Employed,3,45,28744,False,
HIST_01512,PLFS_2026,Madurai,E104,2025-04-01,21,Male,Post Graduate,Self-Employed,2,56,45752,False,
HIST_01513,PLFS_2026,Coimbatore,E104,2024-06-01,33,Male,Below Primary,Unemployed,5,0,0,False,
HIST_01514,PLFS_2026,Madurai,E105,2025-02-01,38,Female,Post Graduate,Employed,5,66,42545,False,
HIST_01515,PLFS_2026,Madurai,E102,2024-10-01,38,Male,Graduate,Employed,4,42,41372,False,
HIST_01516,PLFS_2026,Chennai,E106,2024-01-01,40,Male,Graduate,Employed,3,38,34144,False,
HIST_01517,PLFS_2026,Chennai,E101,2024-02-01,48,Female,Below Primary,Unemployed,3,0,0,False,
HIST_01518,PLFS_2026,Chennai,E102,2024-07-01,40,Male,Graduate,Unemployed,4,0,0,False,
HIST_01519,PLFS_2026,Salem,E108,2025-04-01,22,Female,Post Graduate,Employed,2,34,48158,False,
HIST_01520,PLFS_2026,Salem,E106,2024-11-01,56,Male,Higher Secondary,Unemployed,4,0,0,False,
HIST_01521,PLFS_2026,Coimbatore,E101,2024-12-01,36,Female,Below Primary,Employed,3,42,8285,False,
HIST_01522,PLFS_2026,Coimbatore,E103,2024-01-01,41,Male,Post Graduate,Employed,3,50,38710,False,
HIST_01523,PLFS_2026,Madurai,E106,2025-03-01,36,Female,Post Graduate,Employed,2,45,43610,False,
HIST_01524,PLFS_2026,Madurai,E101,2025-09-01,24,Female,Below Primary,Unemployed,4,0,0,False,
HIST_01525,PLFS_2026,Chennai,E106,2025-10-01,30,Female,Secondary,Unemployed,4,0,0,False,
HIST_01526,PLFS_2026,Coimbatore,E102,2024-12-01,27,Female,Graduate,Self-Employed,5,63,23179,False,
HIST_01527,PLFS_2026,Chennai,E107,2024-10-01,44,Male,Secondary,Self-Employed,3,53,13445,False,
HIST_01528,PLFS_2026,Trichy,E101,2024-05-01,43,Female,Below Primary,Employed,2,43,9525,False,
HIST_01529,PLFS_2026,Trichy,E108,2024-06-01,47,Female,Below Primary,Employed,2,49,11174,False,
HIST_01530,PLFS_2026,Trichy,E104,2024-08-01,36,Male,Secondary,Self-Employed,4,38,18757,False,
HIST_01531,PLFS_2026,Chennai,E102,2025-02-01,56,Male,Secondary,Self-Employed,2,54,23393,False,
HIST_01532,PLFS_2026,Salem,E107,2024-09-01,28,Male,Higher Secondary,Unemployed,2,0,0,False,
HIST_01533,PLFS_2026,Chennai,E103,2025-06-01,60,Female,Below Primary,Self-Employed,4,38,9246,False,
HIST_01534,PLFS_2026,Salem,E104,2025-07-01,51,Male,Higher Secondary,Employed,3,45,26205,False,
HIST_01535,PLFS_2026,Coimbatore,E107,2024-08-01,32,Male,Higher Secondary,Employed,3,44,25006,False,
HIST_01536,PLFS_2026,Chennai,E102,2024-03-01,45,Female,Post Graduate,Self-Employed,3,45,35174,False,
HIST_01537,PLFS_2026,Chennai,E106,2024-05-01,20,Female,Graduate,Employed,4,60,23051,False,
HIST_01538,PLFS_2026,Chennai,E105,2024-02-01,28,Male,Graduate,Self-Employed,2,50,30511,False,
HIST_01539,PLFS_2026,Salem,E106,2025-10-01,36,Male,Post Graduate,Unemployed,2,0,0,False,
HIST_01540,PLFS_2026,Trichy,E104,2024-04-01,39,Female,Below Primary,Employed,5,34,8321,False,
HIST_01541,PLFS_2026,Coimbatore,E106,2024-05-01,56,Female,Secondary,Employed,3,54,17445,False,
HIST_01542,PLFS_2026,Coimbatore,E103,2025-08-01,36,Female,Secondary,Unemployed,4,0,0,False,
HIST_01543,PLFS_2026,Chennai,E106,2024-10-01,33,Male,Higher Secondary,Self-Employed,2,47,20841,False,
HIST_01544,PLFS_2026,Trichy,E108,2025-09-01,36,Male,Graduate,Employed,2,57,32909,False,
HIST_01545,PLFS_2026,Coimbatore,E101,2024-11-01,49,Male,Secondary,Self-Employed,3,31,25030,False,
HIST_01546,PLFS_2026,Madurai,E101,2024-06-01,37,Female,Graduate,Employed,3,48,34535,False,
HIST_01547,PLFS_2026,Madurai,E101,2025-06-01,37,Female,Higher Secondary,Employed,5,53,17263,False,
HIST_01548,PLFS_2026,Coimbatore,E106,2025-01-01,29,Female,Below Primary,Employed,5,23,11641,False,
HIST_01549,PLFS_2026,Salem,E105,2025-11-01,20,Male,Post Graduate,Employed,3,42,35277,False,
HIST_01550,PLFS_2026,Madurai,E106,2025-07-01,31,Male,Higher Secondary,Employed,2,63,30216,False,
HIST_01551,PLFS_2026,Madurai,E103,2025-03-01,24,Female,Higher Secondary,Self-Employed,6,41,22568,False,
HIST_01552,PLFS_2026,Madurai,E104,2025-12-01,37,Male,Below Primary,Employed,3,52,12302,False,
HIST_01553,PLFS_2026,Trichy,E102,2025-10-01,32,Male,Graduate,Self-Employed,2,37,18808,False,
HIST_01554,PLFS_2026,Coimbatore,E103,2024-02-01,38,Male,Higher Secondary,Self-Employed,2,42,28028,False,
HIST_01555,PLFS_2026,Madurai,E101,2024-04-01,52,Female,Post Graduate,Employed,3,44,52287,False,
HIST_01556,PLFS_2026,Madurai,E107,2024-08-01,44,Male,Below Primary,Employed,3,33,12945,False,
HIST_01557,PLFS_2026,Coimbatore,E105,2025-11-01,47,Male,Graduate,Self-Employed,3,47,25963,False,
HIST_01558,PLFS_2026,Chennai,E108,2025-09-01,35,Female,Higher Secondary,Unemployed,1,0,0,False,
HIST_01559,PLFS_2026,Coimbatore,E106,2024-01-01,30,Male,Below Primary,Employed,4,38,12865,False,
HIST_01560,PLFS_2026,Coimbatore,E104,2024-01-01,35,Female,Higher Secondary,Unemployed,2,0,0,False,
HIST_01561,PLFS_2026,Chennai,E103,2025-01-01,30,Female,Graduate,Employed,4,49,31596,False,
HIST_01562,PLFS_2026,Madurai,E102,2024-11-01,18,Male,Post Graduate,Employed,5,40,35280,False,
HIST_01563,PLFS_2026,Chennai,E107,2025-06-01,65,Female,Below Primary,Employed,4,41,6707,False,
HIST_01564,PLFS_2026,Trichy,E102,2024-07-01,54,Male,Secondary,Self-Employed,2,36,16807,False,
HIST_01565,PLFS_2026,Madurai,E101,2025-06-01,54,Female,Higher Secondary,Employed,5,43,23356,False,
HIST_01566,PLFS_2026,Madurai,E104,2025-09-01,30,Male,Below Primary,Employed,4,45,14325,False,
HIST_01567,PLFS_2026,Chennai,E102,2024-04-01,49,Female,Higher Secondary,Self-Employed,4,42,25264,False,
HIST_01568,PLFS_2026,Madurai,E107,2025-10-01,36,Male,Secondary,Employed,2,41,18304,False,
HIST_01569,PLFS_2026,Trichy,E105,2025-10-01,48,Female,Secondary,Employed,3,35,18204,False,
HIST_01570,PLFS_2026,Salem,E106,2025-08-01,39,Male,Below Primary,Unemployed,4,0,0,False,
HIST_01571,PLFS_2026,Chennai,E104,2024-02-01,30,Male,Secondary,Employed,3,36,20515,False,
HIST_01572,PLFS_2026,Madurai,E103,2025-08-01,55,Male,Post Graduate,Employed,3,43,49147,False,
HIST_01573,PLFS_2026,Madurai,E107,2024-03-01,44,Female,Higher Secondary,Employed,4,35,24986,False,
HIST_01574,PLFS_2026,Madurai,E107,2025-03-01,26,Male,Higher Secondary,Unemployed,2,0,0,False,
HIST_01575,PLFS_2026,Madurai,E104,2024-03-01,35,Female,Secondary,Unemployed,2,0,0,False,
HIST_01576,PLFS_2026,Trichy,E103,2025-02-01,18,Male,Higher Secondary,Self-Employed,5,38,25770,False,
HIST_01577,PLFS_2026,Coimbatore,E107,2024-01-01,37,Male,Below Primary,Employed,4,43,14909,False,
HIST_01578,PLFS_2026,Trichy,E102,2025-10-01,23,Female,Below Primary,Employed,4,53,13719,False,
HIST_01579,PLFS_2026,Chennai,E106,2024-11-01,65,Female,Secondary,Self-Employed,3,52,17618,False,
HIST_01580,PLFS_2026,Madurai,E105,2024-01-01,52,Male,Graduate,Self-Employed,3,41,35314,False,
HIST_01581,PLFS_2026,Madurai,E107,2024-04-01,32,Male,Secondary,Employed,2,40,20228,False,
HIST_01582,PLFS_2026,Salem,E108,2024-04-01,54,Female,Post Graduate,Self-Employed,4,55,27677,False,
HIST_01583,PLFS_2026,Trichy,E105,2025-08-01,32,Male,Below Primary,Employed,3,44,12201,False,
HIST_01584,PLFS_2026,Coimbatore,E103,2024-12-01,46,Female,Graduate,Employed,3,46,27747,False,
HIST_01585,PLFS_2026,Salem,E101,2025-10-01,26,Male,Secondary,Employed,3,43,17405,False,
HIST_01586,PLFS_2026,Trichy,E105,2024-02-01,38,Female,Secondary,Unemployed,4,0,0,False,
HIST_01587,PLFS_2026,Coimbatore,E108,2024-06-01,23,Female,Higher Secondary,Self-Employed,3,67,17432,False,
HIST_01588,PLFS_2026,Trichy,E105,2024-09-01,21,Female,Post Graduate,Self-Employed,4,28,36211,False,
HIST_01589,PLFS_2026,Madurai,E105,2025-09-01,63,Male,Higher Secondary,Employed,1,29,15403,False,
HIST_01590,PLFS_2026,Salem,E102,2025-09-01,48,Male,Below Primary,Unemployed,5,0,0,False,
HIST_01591,PLFS_2026,Chennai,E103,2025-07-01,54,Male,Below Primary,Unemployed,6,0,0,False,
HIST_01592,PLFS_2026,Trichy,E108,2024-01-01,28,Female,Post Graduate,Self-Employed,3,42,36572,False,
HIST_01593,PLFS_2026,Madurai,E108,2025-04-01,51,Male,Graduate,Employed,5,43,34151,False,
HIST_01594,PLFS_2026,Madurai,E101,2025-11-01,42,Female,Post Graduate,Unemployed,4,0,0,False,
HIST_01595,PLFS_2026,Madurai,E101,2025-08-01,62,Female,Secondary,Unemployed,2,0,0,False,
HIST_01596,PLFS_2026,Trichy,E104,2024-06-01,43,Male,Higher Secondary,Self-Employed,5,44,15742,False,
HIST_01597,PLFS_2026,Trichy,E106,2024-02-01,48,Female,Graduate,Employed,4,29,27978,False,
HIST_01598,PLFS_2026,Salem,E102,2024-11-01,18,Male,Post Graduate,Self-Employed,3,37,44150,False,
HIST_01599,PLFS_2026,Chennai,E105,2024-10-01,39,Female,Higher Secondary,Employed,2,52,15691,False,
HIST_01600,PLFS_2026,Chennai,E107,2024-07-01,41,Female,Post Graduate,Self-Employed,2,42,41832,False,
HIST_01601,PLFS_2026,Chennai,E108,2025-08-01,44,Female,Below Primary,Employed,5,44,12735,False,
HIST_01602,PLFS_2026,Trichy,E108,2024-11-01,32,Female,Higher Secondary,Employed,4,48,21567,False,
HIST_01603,PLFS_2026,Salem,E103,2025-01-01,18,Female,Below Primary,Employed,4,47,10367,False,
HIST_01604,PLFS_2026,Coimbatore,E104,2024-03-01,22,Male,Graduate,Employed,5,48,26717,False,
HIST_01605,PLFS_2026,Coimbatore,E101,2024-05-01,24,Female,Secondary,Employed,2,55,18495,False,
HIST_01606,PLFS_2026,Salem,E105,2024-12-01,31,Female,Secondary,Employed,4,38,23403,False,
HIST_01607,PLFS_2026,Salem,E102,2025-03-01,54,Female,Secondary,Employed,3,39,8574,False,
HIST_01608,PLFS_2026,Coimbatore,E101,2024-12-01,20,Male,Below Primary,Employed,2,46,11217,False,
HIST_01609,PLFS_2026,Chennai,E103,2025-01-01,21,Female,Higher Secondary,Self-Employed,3,49,24322,False,
HIST_01610,PLFS_2026,Madurai,E104,2025-04-01,18,Female,Below Primary,Employed,3,33,14164,False,
HIST_01611,PLFS_2026,Trichy,E108,2025-10-01,47,Male,Higher Secondary,Self-Employed,2,38,19970,False,
HIST_01612,PLFS_2026,Coimbatore,E107,2024-05-01,18,Male,Below Primary,Self-Employed,4,42,14328,False,
HIST_01613,PLFS_2026,Madurai,E103,2024-12-01,24,Male,Secondary,Employed,3,32,14384,False,
HIST_01614,PLFS_2026,Salem,E107,2025-08-01,23,Male,Graduate,Employed,5,39,28695,False,
HIST_01615,PLFS_2026,Salem,E108,2024-03-01,33,Female,Secondary,Unemployed,2,0,0,False,
HIST_01616,PLFS_2026,Trichy,E103,2024-08-01,23,Female,Below Primary,Self-Employed,5,38,10840,False,
HIST_01617,PLFS_2026,Madurai,E107,2024-07-01,44,Female,Below Primary,Unemployed,3,0,0,False,
HIST_01618,PLFS_2026,Trichy,E103,2024-07-01,39,Male,Secondary,Employed,1,30,20217,False,
HIST_01619,PLFS_2026,Coimbatore,E101,2024-09-01,50,Male,Secondary,Employed,2,43,19060,False,
HIST_01620,PLFS_2026,Trichy,E104,2024-03-01,46,Male,Graduate,Employed,1,37,26137,False,
HIST_01621,PLFS_2026,Salem,E104,2024-08-01,46,Female,Graduate,Employed,7,43,20120,False,
HIST_01622,PLFS_2026,Trichy,E107,2025-09-01,42,Male,Higher Secondary,Employed,5,45,18010,False,
HIST_01623,PLFS_2026,Salem,E105,2024-12-01,49,Female,Secondary,Employed,4,36,19373,False,
HIST_01624,PLFS_2026,Chennai,E103,2024-02-01,49,Male,Below Primary,Unemployed,5,0,0,False,
HIST_01625,PLFS_2026,Salem,E104,2024-10-01,52,Female,Higher Secondary,Self-Employed,2,48,15971,False,
HIST_01626,PLFS_2026,Chennai,E107,2024-06-01,50,Female,Graduate,Employed,3,55,30751,False,
HIST_01627,PLFS_2026,Salem,E102,2024-04-01,23,Male,Post Graduate,Self-Employed,5,57,44705,False,
HIST_01628,PLFS_2026,Madurai,E106,2024-12-01,28,Female,Post Graduate,Employed,3,46,32651,False,
HIST_01629,PLFS_2026,Salem,E104,2025-09-01,58,Female,Secondary,Employed,4,23,19221,False,
HIST_01630,PLFS_2026,Chennai,E102,2024-05-01,33,Male,Below Primary,Employed,3,42,13936,False,
HIST_01631,PLFS_2026,Madurai,E104,2025-11-01,51,Female,Below Primary,Employed,4,42,11900,False,
HIST_01632,PLFS_2026,Trichy,E106,2024-10-01,38,Female,Secondary,Employed,2,49,19656,False,
HIST_01633,PLFS_2026,Madurai,E101,2024-05-01,56,Male,Graduate,Employed,5,39,32593,False,
HIST_01634,PLFS_2026,Salem,E106,2024-12-01,26,Female,Below Primary,Self-Employed,4,40,9544,False,
HIST_01635,PLFS_2026,Chennai,E108,2025-02-01,41,Male,Secondary,Employed,1,30,17361,False,
HIST_01636,PLFS_2026,Madurai,E105,2024-02-01,38,Male,Secondary,Unemployed,3,0,0,False,
HIST_01637,PLFS_2026,Coimbatore,E108,2025-10-01,42,Male,Secondary,Employed,4,44,22164,False,
HIST_01638,PLFS_2026,Trichy,E107,2025-06-01,42,Female,Graduate,Unemployed,3,0,0,False,
HIST_01639,PLFS_2026,Madurai,E103,2024-01-01,36,Male,Post Graduate,Employed,5,50,48655,False,
HIST_01640,PLFS_2026,Chennai,E108,2025-05-01,34,Female,Higher Secondary,Self-Employed,5,43,28474,False,
HIST_01641,PLFS_2026,Salem,E105,2025-06-01,37,Male,Secondary,Employed,4,56,17303,False,
HIST_01642,PLFS_2026,Trichy,E104,2024-10-01,40,Male,Secondary,Self-Employed,5,43,13244,False,
HIST_01643,PLFS_2026,Salem,E103,2024-09-01,63,Male,Secondary,Self-Employed,3,46,22161,False,
HIST_01644,PLFS_2026,Madurai,E102,2024-01-01,30,Female,Post Graduate,Self-Employed,2,47,24372,False,
HIST_01645,PLFS_2026,Salem,E102,2025-11-01,34,Female,Secondary,Employed,4,42,12443,False,
HIST_01646,PLFS_2026,Trichy,E105,2024-11-01,57,Male,Below Primary,Self-Employed,4,56,11375,False,
HIST_01647,PLFS_2026,Madurai,E105,2024-06-01,27,Female,Below Primary,Employed,4,43,9173,False,
HIST_01648,PLFS_2026,Trichy,E102,2025-12-01,55,Female,Higher Secondary,Self-Employed,3,30,27843,False,
HIST_01649,PLFS_2026,Trichy,E104,2025-03-01,31,Male,Higher Secondary,Employed,3,30,29660,False,
HIST_01650,PLFS_2026,Trichy,E107,2024-05-01,22,Female,Secondary,Unemployed,4,0,0,False,
HIST_01651,PLFS_2026,Coimbatore,E106,2024-05-01,37,Female,Below Primary,Employed,1,38,12450,False,
HIST_01652,PLFS_2026,Coimbatore,E103,2024-06-01,28,Male,Post Graduate,Employed,4,50,45315,False,
HIST_01653,PLFS_2026,Madurai,E105,2024-01-01,23,Female,Secondary,Self-Employed,6,51,17993,False,
HIST_01654,PLFS_2026,Coimbatore,E104,2024-03-01,51,Male,Below Primary,Employed,7,33,11459,False,
HIST_01655,PLFS_2026,Coimbatore,E107,2024-04-01,18,Male,Below Primary,Unemployed,4,0,0,False,
HIST_01656,PLFS_2026,Coimbatore,E107,2024-01-01,30,Male,Below Primary,Self-Employed,1,47,15493,False,
HIST_01657,PLFS_2026,Chennai,E103,2024-08-01,30,Male,Higher Secondary,Employed,4,32,24011,False,
HIST_01658,PLFS_2026,Trichy,E101,2024-01-01,33,Male,Post Graduate,Unemployed,3,0,0,False,
HIST_01659,PLFS_2026,Salem,E102,2024-07-01,42,Male,Graduate,Self-Employed,2,41,27767,False,
HIST_01660,PLFS_2026,Coimbatore,E103,2024-10-01,24,Female,Graduate,Employed,6,38,24251,False,
HIST_01661,PLFS_2026,Chennai,E105,2025-09-01,26,Male,Below Primary,Self-Employed,6,49,9752,False,
HIST_01662,PLFS_2026,Chennai,E105,2024-04-01,51,Female,Secondary,Employed,4,47,16759,False,
HIST_01663,PLFS_2026,Madurai,E101,2024-08-01,29,Female,Graduate,Employed,4,40,38173,False,
HIST_01664,PLFS_2026,Salem,E104,2025-10-01,22,Female,Below Primary,Employed,5,44,12717,False,
HIST_01665,PLFS_2026,Chennai,E104,2024-04-01,47,Female,Higher Secondary,Employed,3,51,10086,False,
HIST_01666,PLFS_2026,Salem,E102,2024-12-01,29,Male,Below Primary,Unemployed,2,0,0,False,
HIST_01667,PLFS_2026,Madurai,E107,2025-05-01,42,Female,Post Graduate,Employed,4,46,32940,False,
HIST_01668,PLFS_2026,Coimbatore,E103,2025-10-01,42,Female,Post Graduate,Self-Employed,4,52,43904,False,
HIST_01669,PLFS_2026,Salem,E102,2024-09-01,38,Female,Higher Secondary,Self-Employed,2,39,19580,False,
HIST_01670,PLFS_2026,Chennai,E101,2024-05-01,34,Male,Higher Secondary,Employed,4,50,21775,False,
HIST_01671,PLFS_2026,Coimbatore,E108,2024-03-01,38,Male,Post Graduate,Employed,4,40,30967,False,
HIST_01672,PLFS_2026,Salem,E103,2024-03-01,18,Female,Secondary,Employed,3,48,15469,False,
HIST_01673,PLFS_2026,Coimbatore,E106,2024-11-01,35,Female,Graduate,Employed,4,49,21954,False,
HIST_01674,PLFS_2026,Coimbatore,E106,2024-05-01,49,Male,Graduate,Employed,5,35,23386,False,
HIST_01675,PLFS_2026,Coimbatore,E108,2025-06-01,52,Male,Graduate,Employed,3,27,20161,False,
HIST_01676,PLFS_2026,Coimbatore,E104,2025-11-01,35,Male,Secondary,Employed,2,41,18116,False,
HIST_01677,PLFS_2026,Madurai,E101,2024-12-01,55,Female,Secondary,Self-Employed,3,53,23143,False,
HIST_01678,PLFS_2026,Chennai,E106,2024-12-01,55,Male,Higher Secondary,Employed,4,29,24027,False,
HIST_01679,PLFS_2026,Trichy,E107,2024-08-01,50,Male,Secondary,Employed,3,58,21095,False,
HIST_01680,PLFS_2026,Madurai,E102,2025-11-01,44,Male,Graduate,Unemployed,5,0,0,False,
HIST_01681,PLFS_2026,Coimbatore,E106,2024-02-01,32,Male,Post Graduate,Employed,5,38,36301,False,
HIST_01682,PLFS_2026,Trichy,E103,2024-01-01,25,Male,Higher Secondary,Employed,6,58,18110,False,
HIST_01683,PLFS_2026,Madurai,E102,2024-01-01,39,Female,Secondary,Self-Employed,3,49,19834,False,
HIST_01684,PLFS_2026,Coimbatore,E103,2025-12-01,47,Female,Graduate,Employed,4,68,22243,False,
HIST_01685,PLFS_2026,Salem,E108,2025-09-01,18,Male,Higher Secondary,Employed,3,32,15433,False,
HIST_01686,PLFS_2026,Chennai,E101,2025-08-01,25,Male,Post Graduate,Employed,2,37,41938,False,
HIST_01687,PLFS_2026,Coimbatore,E107,2025-10-01,31,Female,Post Graduate,Unemployed,3,0,0,False,
HIST_01688,PLFS_2026,Salem,E105,2025-11-01,34,Male,Graduate,Self-Employed,4,29,14644,False,
HIST_01689,PLFS_2026,Salem,E102,2025-05-01,42,Female,Secondary,Unemployed,4,0,0,False,
HIST_01690,PLFS_2026,Coimbatore,E101,2024-08-01,47,Female,Secondary,Self-Employed,3,47,24002,False,
HIST_01691,PLFS_2026,Trichy,E102,2025-11-01,18,Female,Graduate,Employed,4,62,29579,False,
HIST_01692,PLFS_2026,Coimbatore,E107,2024-06-01,57,Male,Higher Secondary,Unemployed,3,0,0,False,
HIST_01693,PLFS_2026,Madurai,E105,2024-04-01,18,Male,Below Primary,Employed,2,36,13972,False,
HIST_01694,PLFS_2026,Salem,E101,2024-08-01,48,Female,Secondary,Employed,4,51,17409,False,
HIST_01695,PLFS_2026,Chennai,E104,2025-08-01,52,Male,Higher Secondary,Employed,4,45,20831,False,
HIST_01696,PLFS_2026,Madurai,E101,2024-08-01,46,Female,Below Primary,Self-Employed,3,52,9282,False,
HIST_01697,PLFS_2026,Trichy,E101,2025-07-01,24,Female,Below Primary,Employed,4,44,10910,False,
HIST_01698,PLFS_2026,Chennai,E105,2024-01-01,48,Female,Higher Secondary,Self-Employed,3,43,28156,False,
HIST_01699,PLFS_2026,Trichy,E104,2024-11-01,56,Female,Higher Secondary,Self-Employed,6,42,27415,False,
HIST_01700,PLFS_2026,Chennai,E106,2025-02-01,26,Male,Post Graduate,Self-Employed,2,26,50713,False,
HIST_01701,PLFS_2026,Madurai,E101,2025-07-01,27,Female,Graduate,Employed,3,37,31892,False,
HIST_01702,PLFS_2026,Chennai,E105,2024-06-01,33,Male,Graduate,Employed,2,48,19971,False,
HIST_01703,PLFS_2026,Chennai,E104,2024-07-01,27,Male,Secondary,Self-Employed,1,33,18642,False,
HIST_01704,PLFS_2026,Trichy,E106,2025-03-01,18,Male,Higher Secondary,Employed,2,44,19608,False,
HIST_01705,PLFS_2026,Trichy,E107,2024-02-01,61,Female,Secondary,Employed,6,38,20005,False,
HIST_01706,PLFS_2026,Trichy,E102,2024-05-01,46,Female,Below Primary,Self-Employed,3,33,11970,False,
HIST_01707,PLFS_2026,Madurai,E105,2025-06-01,35,Male,Graduate,Employed,3,48,23795,False,
HIST_01708,PLFS_2026,Salem,E103,2024-10-01,24,Male,Below Primary,Employed,4,48,9176,False,
HIST_01709,PLFS_2026,Salem,E106,2024-03-01,49,Male,Secondary,Unemployed,1,0,0,False,
HIST_01710,PLFS_2026,Coimbatore,E105,2025-04-01,30,Female,Graduate,Unemployed,3,0,0,False,
HIST_01711,PLFS_2026,Madurai,E102,2025-07-01,65,Female,Below Primary,Employed,4,45,13142,False,
HIST_01712,PLFS_2026,Salem,E107,2025-02-01,65,Male,Graduate,Employed,2,36,23772,False,
HIST_01713,PLFS_2026,Trichy,E106,2024-12-01,38,Male,Graduate,Employed,1,45,37483,False,
HIST_01714,PLFS_2026,Salem,E101,2025-08-01,39,Male,Secondary,Unemployed,3,0,0,False,
HIST_01715,PLFS_2026,Trichy,E101,2024-05-01,28,Male,Higher Secondary,Employed,6,60,23129,False,
HIST_01716,PLFS_2026,Trichy,E107,2024-03-01,37,Male,Graduate,Self-Employed,5,53,23486,False,
HIST_01717,PLFS_2026,Chennai,E106,2025-03-01,31,Female,Post Graduate,Self-Employed,2,48,43066,False,
HIST_01718,PLFS_2026,Coimbatore,E102,2024-03-01,21,Male,Below Primary,Self-Employed,3,34,9842,False,
HIST_01719,PLFS_2026,Coimbatore,E107,2024-07-01,44,Female,Higher Secondary,Employed,3,42,14839,False,
HIST_01720,PLFS_2026,Salem,E108,2024-07-01,40,Female,Below Primary,Employed,3,39,11546,False,
HIST_01721,PLFS_2026,Chennai,E103,2025-04-01,40,Male,Secondary,Employed,2,33,24500,False,
HIST_01722,PLFS_2026,Chennai,E107,2024-02-01,30,Female,Graduate,Self-Employed,3,53,47762,False,
HIST_01723,PLFS_2026,Madurai,E101,2024-07-01,23,Male,Graduate,Employed,4,39,24982,False,
HIST_01724,PLFS_2026,Madurai,E102,2024-05-01,29,Male,Higher Secondary,Employed,2,44,15512,False,
HIST_01725,PLFS_2026,Salem,E108,2025-02-01,49,Male,Higher Secondary,Employed,4,48,19948,False,
HIST_01726,PLFS_2026,Chennai,E102,2025-02-01,33,Female,Higher Secondary,Employed,4,35,20424,False,
HIST_01727,PLFS_2026,Salem,E107,2025-04-01,27,Female,Post Graduate,Unemployed,2,0,0,False,
HIST_01728,PLFS_2026,Madurai,E107,2024-12-01,29,Female,Below Primary,Employed,5,53,8913,False,
HIST_01729,PLFS_2026,Trichy,E104,2024-03-01,24,Male,Higher Secondary,Unemployed,7,0,0,False,
HIST_01730,PLFS_2026,Salem,E101,2024-05-01,41,Female,Secondary,Employed,3,48,15418,False,
HIST_01731,PLFS_2026,Salem,E102,2025-10-01,18,Female,Higher Secondary,Employed,2,45,17023,False,
HIST_01732,PLFS_2026,Chennai,E108,2024-05-01,37,Female,Post Graduate,Employed,2,38,44484,False,
HIST_01733,PLFS_2026,Madurai,E104,2025-02-01,40,Male,Post Graduate,Employed,3,52,41652,False,
HIST_01734,PLFS_2026,Salem,E104,2024-07-01,55,Male,Higher Secondary,Self-Employed,3,41,16275,False,
HIST_01735,PLFS_2026,Chennai,E105,2024-10-01,32,Male,Graduate,Unemployed,5,0,0,False,
HIST_01736,PLFS_2026,Coimbatore,E107,2025-02-01,18,Female,Higher Secondary,Self-Employed,5,30,25951,False,
HIST_01737,PLFS_2026,Coimbatore,E106,2024-04-01,33,Male,Graduate,Employed,4,34,34558,False,
HIST_01738,PLFS_2026,Madurai,E103,2025-06-01,20,Female,Graduate,Employed,3,37,18176,False,
HIST_01739,PLFS_2026,Coimbatore,E105,2025-11-01,39,Male,Below Primary,Self-Employed,6,66,12233,False,
HIST_01740,PLFS_2026,Chennai,E102,2025-09-01,51,Male,Post Graduate,Self-Employed,4,48,35399,False,
HIST_01741,PLFS_2026,Chennai,E108,2025-12-01,40,Male,Graduate,Employed,4,40,27566,False,
HIST_01742,PLFS_2026,Chennai,E105,2025-02-01,37,Male,Secondary,Self-Employed,5,36,17814,False,
HIST_01743,PLFS_2026,Trichy,E107,2024-04-01,60,Male,Graduate,Self-Employed,5,55,28136,False,
HIST_01744,PLFS_2026,Salem,E108,2025-02-01,41,Female,Below Primary,Self-Employed,5,57,7316,False,
HIST_01745,PLFS_2026,Madurai,E105,2024-09-01,22,Female,Higher Secondary,Self-Employed,5,42,19044,False,
HIST_01746,PLFS_2026,Coimbatore,E104,2024-01-01,22,Female,Below Primary,Employed,3,33,17018,False,
HIST_01747,PLFS_2026,Madurai,E106,2025-05-01,37,Female,Higher Secondary,Employed,3,49,26234,False,
HIST_01748,PLFS_2026,Trichy,E107,2024-08-01,49,Female,Secondary,Unemployed,5,0,0,False,
HIST_01749,PLFS_2026,Coimbatore,E101,2025-07-01,47,Female,Secondary,Self-Employed,3,44,19435,False,
HIST_01750,PLFS_2026,Coimbatore,E103,2025-01-01,47,Female,Post Graduate,Employed,1,50,36223,False,
HIST_01751,PLFS_2026,Madurai,E102,2025-11-01,46,Male,Post Graduate,Employed,5,57,48286,False,
HIST_01752,PLFS_2026,Trichy,E107,2025-09-01,54,Female,Post Graduate,Employed,5,47,38244,False,
HIST_01753,PLFS_2026,Salem,E104,2024-03-01,48,Male,Below Primary,Employed,4,42,12971,False,
HIST_01754,PLFS_2026,Trichy,E103,2024-01-01,37,Male,Post Graduate,Employed,2,55,38419,False,
HIST_01755,PLFS_2026,Madurai,E108,2025-09-01,62,Female,Secondary,Employed,1,40,18117,False,
HIST_01756,PLFS_2026,Madurai,E105,2024-07-01,51,Male,Graduate,Self-Employed,4,47,21687,False,
HIST_01757,PLFS_2026,Chennai,E105,2024-03-01,24,Male,Below Primary,Unemployed,4,0,0,False,
HIST_01758,PLFS_2026,Trichy,E102,2024-04-01,44,Female,Post Graduate,Employed,2,57,47301,False,
HIST_01759,PLFS_2026,Madurai,E105,2024-09-01,19,Male,Below Primary,Employed,2,26,10121,False,
HIST_01760,PLFS_2026,Salem,E104,2025-01-01,47,Male,Graduate,Self-Employed,3,48,19474,False,
HIST_01761,PLFS_2026,Coimbatore,E102,2025-04-01,47,Male,Secondary,Unemployed,3,0,0,False,
HIST_01762,PLFS_2026,Coimbatore,E106,2025-09-01,22,Female,Secondary,Employed,2,52,19436,False,
HIST_01763,PLFS_2026,Chennai,E103,2025-10-01,50,Male,Below Primary,Self-Employed,4,46,7857,False,
HIST_01764,PLFS_2026,Salem,E108,2025-08-01,34,Male,Secondary,Employed,3,60,20473,False,
HIST_01765,PLFS_2026,Salem,E102,2024-07-01,56,Male,Post Graduate,Employed,4,39,38890,False,
HIST_01766,PLFS_2026,Trichy,E103,2024-07-01,40,Female,Below Primary,Self-Employed,2,41,11506,False,
HIST_01767,PLFS_2026,Chennai,E106,2024-05-01,57,Male,Below Primary,Unemployed,1,0,0,False,
HIST_01768,PLFS_2026,Madurai,E105,2024-09-01,21,Female,Secondary,Self-Employed,5,50,22516,False,
HIST_01769,PLFS_2026,Salem,E105,2025-03-01,47,Female,Graduate,Employed,6,49,27123,False,
HIST_01770,PLFS_2026,Coimbatore,E104,2024-09-01,42,Male,Secondary,Unemployed,5,0,0,False,
HIST_01771,PLFS_2026,Salem,E107,2024-04-01,34,Female,Secondary,Self-Employed,1,46,11209,False,
HIST_01772,PLFS_2026,Coimbatore,E107,2025-03-01,38,Female,Post Graduate,Unemployed,5,0,0,False,
HIST_01773,PLFS_2026,Salem,E102,2025-08-01,20,Female,Graduate,Employed,5,50,18390,False,
HIST_01774,PLFS_2026,Salem,E106,2025-09-01,65,Male,Graduate,Employed,3,37,20120,False,
HIST_01775,PLFS_2026,Chennai,E105,2025-07-01,35,Female,Higher Secondary,Unemployed,3,0,0,False,
HIST_01776,PLFS_2026,Trichy,E106,2025-01-01,45,Male,Below Primary,Employed,3,29,11641,False,
HIST_01777,PLFS_2026,Salem,E107,2024-06-01,18,Female,Secondary,Employed,4,37,18588,False,
HIST_01778,PLFS_2026,Salem,E106,2024-05-01,53,Female,Below Primary,Employed,2,53,10959,False,
HIST_01779,PLFS_2026,Chennai,E106,2024-07-01,59,Female,Post Graduate,Self-Employed,3,38,43223,False,
HIST_01780,PLFS_2026,Madurai,E102,2025-01-01,32,Female,Post Graduate,Employed,2,41,37660,False,
HIST_01781,PLFS_2026,Madurai,E102,2025-06-01,54,Female,Post Graduate,Self-Employed,1,45,42749,False,
HIST_01782,PLFS_2026,Chennai,E107,2025-10-01,40,Female,Higher Secondary,Self-Employed,5,44,21187,False,
HIST_01783,PLFS_2026,Madurai,E104,2024-02-01,45,Female,Graduate,Employed,4,41,30890,False,
HIST_01784,PLFS_2026,Salem,E107,2024-04-01,30,Male,Graduate,Employed,3,40,35577,False,
HIST_01785,PLFS_2026,Salem,E107,2024-08-01,18,Male,Higher Secondary,Employed,4,45,14604,False,
HIST_01786,PLFS_2026,Trichy,E101,2025-03-01,41,Female,Secondary,Self-Employed,4,49,8453,False,
HIST_01787,PLFS_2026,Coimbatore,E101,2025-06-01,54,Male,Higher Secondary,Unemployed,3,0,0,False,
HIST_01788,PLFS_2026,Chennai,E108,2024-04-01,27,Female,Higher Secondary,Employed,4,41,12885,False,
HIST_01789,PLFS_2026,Salem,E107,2024-03-01,52,Female,Graduate,Unemployed,2,0,0,False,
HIST_01790,PLFS_2026,Coimbatore,E105,2025-11-01,41,Female,Graduate,Self-Employed,3,49,20498,False,
HIST_01791,PLFS_2026,Chennai,E106,2025-08-01,29,Male,Below Primary,Employed,3,60,11726,False,
HIST_01792,PLFS_2026,Chennai,E103,2024-04-01,51,Female,Graduate,Employed,4,41,26618,False,
HIST_01793,PLFS_2026,Chennai,E104,2025-12-01,35,Female,Post Graduate,Self-Employed,4,55,40733,False,
HIST_01794,PLFS_2026,Chennai,E105,2024-02-01,52,Male,Below Primary,Self-Employed,2,41,10261,False,
HIST_01795,PLFS_2026,Chennai,E105,2024-11-01,41,Female,Higher Secondary,Unemployed,3,0,0,False,
HIST_01796,PLFS_2026,Madurai,E108,2024-04-01,38,Male,Higher Secondary,Self-Employed,4,28,31335,False,
HIST_01797,PLFS_2026,Trichy,E107,2025-09-01,34,Female,Below Primary,Employed,1,46,12080,False,
HIST_01798,PLFS_2026,Madurai,E108,2025-10-01,37,Female,Higher Secondary,Employed,5,50,23310,False,
HIST_01799,PLFS_2026,Coimbatore,E104,2024-03-01,43,Female,Higher Secondary,Unemployed,3,0,0,False,
HIST_01800,PLFS_2026,Salem,E104,2025-10-01,39,Male,Below Primary,Employed,4,51,9974,False,
HIST_01801,PLFS_2026,Coimbatore,E101,2024-07-01,18,Male,Secondary,Employed,4,47,23362,False,
HIST_01802,PLFS_2026,Coimbatore,E104,2025-04-01,22,Male,Higher Secondary,Employed,5,63,20337,False,
HIST_01803,PLFS_2026,Trichy,E106,2024-10-01,22,Female,Secondary,Self-Employed,3,45,20029,False,
HIST_01804,PLFS_2026,Chennai,E103,2024-08-01,30,Female,Graduate,Self-Employed,6,36,18260,False,
HIST_01805,PLFS_2026,Trichy,E104,2025-01-01,51,Male,Below Primary,Employed,1,43,19482,False,
HIST_01806,PLFS_2026,Madurai,E105,2025-07-01,37,Male,Secondary,Employed,2,44,17817,False,
HIST_01807,PLFS_2026,Chennai,E102,2024-08-01,39,Male,Graduate,Employed,4,36,37450,False,
HIST_01808,PLFS_2026,Chennai,E108,2025-10-01,40,Female,Higher Secondary,Employed,4,39,27660,False,
HIST_01809,PLFS_2026,Trichy,E102,2024-12-01,34,Female,Secondary,Employed,4,37,14411,False,
HIST_01810,PLFS_2026,Trichy,E107,2025-05-01,46,Female,Below Primary,Employed,3,38,10456,False,
HIST_01811,PLFS_2026,Salem,E102,2024-02-01,46,Female,Graduate,Employed,3,44,28084,False,
HIST_01812,PLFS_2026,Madurai,E107,2024-06-01,18,Female,Post Graduate,Unemployed,2,0,0,False,
HIST_01813,PLFS_2026,Trichy,E107,2024-04-01,50,Male,Secondary,Self-Employed,5,50,24551,False,
HIST_01814,PLFS_2026,Madurai,E102,2024-02-01,37,Male,Post Graduate,Employed,4,40,56638,False,
HIST_01815,PLFS_2026,Chennai,E102,2024-09-01,61,Male,Post Graduate,Unemployed,4,0,0,False,
HIST_01816,PLFS_2026,Coimbatore,E107,2025-01-01,36,Male,Secondary,Unemployed,3,0,0,False,
HIST_01817,PLFS_2026,Salem,E108,2024-07-01,40,Male,Secondary,Employed,2,31,18850,False,
HIST_01818,PLFS_2026,Salem,E105,2025-12-01,48,Male,Below Primary,Employed,3,56,10310,False,
HIST_01819,PLFS_2026,Trichy,E108,2025-12-01,25,Female,Secondary,Employed,3,44,20771,False,
HIST_01820,PLFS_2026,Chennai,E103,2024-06-01,28,Female,Graduate,Employed,5,60,27780,False,
HIST_01821,PLFS_2026,Chennai,E108,2025-02-01,52,Female,Below Primary,Employed,2,53,14513,False,
HIST_01822,PLFS_2026,Salem,E102,2024-06-01,48,Male,Post Graduate,Employed,3,21,33122,False,
HIST_01823,PLFS_2026,Coimbatore,E101,2025-04-01,30,Male,Graduate,Employed,2,45,25653,False,
HIST_01824,PLFS_2026,Chennai,E105,2024-08-01,28,Male,Secondary,Self-Employed,2,39,22037,False,
HIST_01825,PLFS_2026,Chennai,E105,2025-12-01,30,Female,Graduate,Employed,3,41,29898,False,
HIST_01826,PLFS_2026,Salem,E105,2025-10-01,43,Female,Higher Secondary,Employed,1,53,28320,False,
HIST_01827,PLFS_2026,Chennai,E106,2024-10-01,25,Female,Post Graduate,Self-Employed,2,41,32254,False,
HIST_01828,PLFS_2026,Trichy,E108,2024-04-01,40,Female,Post Graduate,Unemployed,1,0,0,False,
HIST_01829,PLFS_2026,Chennai,E103,2025-02-01,26,Male,Secondary,Employed,5,47,11486,False,
HIST_01830,PLFS_2026,Chennai,E104,2025-07-01,45,Female,Higher Secondary,Employed,3,41,23077,False,
HIST_01831,PLFS_2026,Chennai,E104,2025-01-01,43,Male,Higher Secondary,Self-Employed,4,54,23795,False,
HIST_01832,PLFS_2026,Trichy,E108,2025-05-01,21,Male,Higher Secondary,Self-Employed,3,68,25187,False,
HIST_01833,PLFS_2026,Salem,E106,2025-01-01,65,Female,Higher Secondary,Employed,5,46,23326,False,
HIST_01834,PLFS_2026,Chennai,E106,2025-08-01,37,Male,Graduate,Self-Employed,1,45,34779,False,
HIST_01835,PLFS_2026,Trichy,E106,2024-10-01,30,Male,Below Primary,Employed,4,51,9816,False,
HIST_01836,PLFS_2026,Madurai,E108,2025-10-01,32,Male,Post Graduate,Self-Employed,2,38,28214,False,
HIST_01837,PLFS_2026,Trichy,E103,2024-10-01,27,Female,Higher Secondary,Employed,5,37,22556,False,
HIST_01838,PLFS_2026,Salem,E101,2025-03-01,31,Male,Secondary,Employed,5,55,21110,False,
HIST_01839,PLFS_2026,Trichy,E102,2024-02-01,41,Female,Higher Secondary,Employed,3,35,30551,False,
HIST_01840,PLFS_2026,Salem,E101,2024-02-01,28,Female,Secondary,Employed,4,53,16000,False,
HIST_01841,PLFS_2026,Salem,E103,2024-03-01,50,Female,Secondary,Self-Employed,4,58,16310,False,
HIST_01842,PLFS_2026,Madurai,E107,2025-07-01,22,Male,Higher Secondary,Employed,3,46,22256,False,
HIST_01843,PLFS_2026,Coimbatore,E106,2024-08-01,33,Female,Graduate,Employed,1,48,39045,False,
HIST_01844,PLFS_2026,Chennai,E105,2024-10-01,43,Female,Secondary,Employed,4,49,19429,False,
HIST_01845,PLFS_2026,Salem,E103,2025-10-01,49,Male,Higher Secondary,Employed,4,42,18497,False,
HIST_01846,PLFS_2026,Trichy,E104,2024-10-01,35,Female,Below Primary,Employed,4,42,12754,False,
HIST_01847,PLFS_2026,Coimbatore,E103,2025-01-01,43,Female,Below Primary,Employed,5,55,12187,False,
HIST_01848,PLFS_2026,Coimbatore,E106,2025-05-01,22,Female,Graduate,Employed,3,45,17719,False,
HIST_01849,PLFS_2026,Coimbatore,E107,2025-02-01,54,Female,Below Primary,Self-Employed,4,48,15277,False,
HIST_01850,PLFS_2026,Chennai,E107,2024-03-01,30,Male,Post Graduate,Self-Employed,4,44,36600,False,
HIST_01851,PLFS_2026,Madurai,E106,2024-05-01,28,Female,Below Primary,Self-Employed,6,41,13678,False,
HIST_01852,PLFS_2026,Coimbatore,E103,2025-01-01,18,Male,Graduate,Self-Employed,5,53,28545,False,
HIST_01853,PLFS_2026,Trichy,E108,2024-02-01,35,Male,Below Primary,Employed,4,63,7768,False,
HIST_01854,PLFS_2026,Chennai,E106,2025-08-01,47,Male,Higher Secondary,Employed,2,44,20909,False,
HIST_01855,PLFS_2026,Salem,E101,2024-04-01,32,Male,Secondary,Employed,3,35,21705,False,
HIST_01856,PLFS_2026,Trichy,E108,2024-05-01,18,Male,Secondary,Employed,4,42,13784,False,
HIST_01857,PLFS_2026,Salem,E101,2025-04-01,40,Male,Below Primary,Employed,1,45,8585,False,
HIST_01858,PLFS_2026,Madurai,E102,2025-05-01,43,Male,Secondary,Employed,2,41,19058,False,
HIST_01859,PLFS_2026,Coimbatore,E101,2025-05-01,28,Female,Graduate,Employed,3,32,31532,False,
HIST_01860,PLFS_2026,Chennai,E105,2025-01-01,59,Female,Secondary,Self-Employed,7,45,20837,False,
HIST_01861,PLFS_2026,Trichy,E105,2025-08-01,18,Female,Post Graduate,Employed,5,51,34322,False,
HIST_01862,PLFS_2026,Madurai,E101,2024-06-01,52,Male,Secondary,Employed,3,41,19711,False,
HIST_01863,PLFS_2026,Trichy,E104,2025-04-01,25,Female,Higher Secondary,Employed,5,36,17379,False,
HIST_01864,PLFS_2026,Chennai,E108,2024-12-01,27,Female,Graduate,Employed,4,40,20451,False,
HIST_01865,PLFS_2026,Chennai,E108,2025-02-01,30,Female,Secondary,Employed,3,35,13853,False,
HIST_01866,PLFS_2026,Coimbatore,E102,2025-07-01,63,Female,Below Primary,Employed,2,42,11118,False,
HIST_01867,PLFS_2026,Chennai,E108,2024-02-01,32,Female,Secondary,Employed,4,52,16898,False,
HIST_01868,PLFS_2026,Coimbatore,E105,2024-01-01,23,Male,Higher Secondary,Employed,5,44,29613,False,
HIST_01869,PLFS_2026,Trichy,E104,2024-12-01,18,Female,Post Graduate,Employed,4,60,35315,False,
HIST_01870,PLFS_2026,Madurai,E106,2025-09-01,35,Female,Graduate,Unemployed,4,0,0,False,
HIST_01871,PLFS_2026,Madurai,E105,2025-10-01,33,Female,Graduate,Employed,3,54,30582,False,
HIST_01872,PLFS_2026,Coimbatore,E107,2025-04-01,41,Male,Post Graduate,Unemployed,5,0,0,False,
HIST_01873,PLFS_2026,Trichy,E105,2024-05-01,30,Female,Post Graduate,Self-Employed,4,36,34198,False,
HIST_01874,PLFS_2026,Salem,E107,2024-03-01,31,Male,Below Primary,Self-Employed,6,22,11568,False,
HIST_01875,PLFS_2026,Madurai,E104,2024-04-01,58,Male,Graduate,Self-Employed,4,51,28559,False,
HIST_01876,PLFS_2026,Coimbatore,E106,2024-08-01,29,Male,Below Primary,Self-Employed,1,46,10138,False,
HIST_01877,PLFS_2026,Madurai,E107,2025-02-01,28,Male,Below Primary,Unemployed,3,0,0,False,
HIST_01878,PLFS_2026,Chennai,E101,2025-12-01,40,Male,Graduate,Self-Employed,3,35,30623,False,
HIST_01879,PLFS_2026,Trichy,E101,2024-06-01,59,Female,Below Primary,Unemployed,3,0,0,False,
HIST_01880,PLFS_2026,Coimbatore,E103,2025-09-01,49,Male,Secondary,Employed,1,46,19624,False,
HIST_01881,PLFS_2026,Coimbatore,E105,2024-08-01,37,Male,Secondary,Employed,2,53,16547,False,
HIST_01882,PLFS_2026,Trichy,E104,2024-03-01,20,Male,Below Primary,Employed,1,55,13479,False,
HIST_01883,PLFS_2026,Madurai,E101,2024-12-01,39,Female,Post Graduate,Employed,3,40,29824,False,
HIST_01884,PLFS_2026,Chennai,E106,2024-06-01,32,Female,Secondary,Self-Employed,1,39,16880,False,
HIST_01885,PLFS_2026,Trichy,E108,2025-05-01,45,Female,Higher Secondary,Unemployed,3,0,0,False,
HIST_01886,PLFS_2026,Trichy,E103,2024-03-01,50,Female,Graduate,Unemployed,4,0,0,False,
HIST_01887,PLFS_2026,Chennai,E102,2024-05-01,46,Female,Below Primary,Employed,6,47,16601,False,
HIST_01888,PLFS_2026,Madurai,E101,2025-08-01,19,Female,Below Primary,Employed,2,51,12634,False,
HIST_01889,PLFS_2026,Salem,E105,2025-01-01,53,Female,Below Primary,Self-Employed,3,38,11487,False,
HIST_01890,PLFS_2026,Madurai,E105,2024-03-01,19,Male,Post Graduate,Self-Employed,2,52,44633,False,
HIST_01891,PLFS_2026,Trichy,E105,2025-01-01,42,Male,Post Graduate,Unemployed,1,0,0,False,
HIST_01892,PLFS_2026,Chennai,E108,2024-09-01,52,Male,Below Primary,Employed,3,36,12071,False,
HIST_01893,PLFS_2026,Salem,E104,2024-11-01,30,Male,Secondary,Employed,5,39,12962,False,
HIST_01894,PLFS_2026,Salem,E101,2024-08-01,18,Female,Below Primary,Self-Employed,3,40,8570,False,
HIST_01895,PLFS_2026,Trichy,E101,2024-12-01,52,Male,Graduate,Employed,4,44,35640,False,
HIST_01896,PLFS_2026,Trichy,E102,2025-06-01,45,Female,Secondary,Employed,2,36,20944,False,
HIST_01897,PLFS_2026,Chennai,E102,2024-02-01,42,Female,Post Graduate,Employed,4,38,42620,False,
HIST_01898,PLFS_2026,Salem,E107,2025-04-01,28,Female,Secondary,Employed,3,56,15620,False,
HIST_01899,PLFS_2026,Chennai,E101,2024-07-01,19,Female,Below Primary,Employed,2,52,12611,False,
HIST_01900,PLFS_2026,Chennai,E107,2025-01-01,36,Male,Graduate,Unemployed,3,0,0,False,
HIST_01901,PLFS_2026,Trichy,E103,2024-04-01,41,Female,Below Primary,Self-Employed,3,37,10470,False,
HIST_01902,PLFS_2026,Salem,E106,2024-07-01,33,Female,Graduate,Self-Employed,3,46,7345,False,
HIST_01903,PLFS_2026,Madurai,E104,2024-03-01,28,Male,Secondary,Employed,3,57,14111,False,
HIST_01904,PLFS_2026,Trichy,E101,2024-01-01,39,Male,Below Primary,Employed,5,34,12945,False,
HIST_01905,PLFS_2026,Madurai,E108,2024-06-01,28,Female,Below Primary,Employed,3,38,10243,False,
HIST_01906,PLFS_2026,Trichy,E104,2024-10-01,65,Male,Post Graduate,Employed,5,53,41739,False,
HIST_01907,PLFS_2026,Chennai,E102,2024-03-01,18,Female,Post Graduate,Employed,4,53,31514,False,
HIST_01908,PLFS_2026,Salem,E104,2025-03-01,49,Female,Higher Secondary,Self-Employed,4,59,20161,False,
HIST_01909,PLFS_2026,Salem,E104,2025-05-01,24,Female,Higher Secondary,Unemployed,3,0,0,False,
HIST_01910,PLFS_2026,Trichy,E102,2024-02-01,18,Female,Graduate,Unemployed,4,0,0,False,
HIST_01911,PLFS_2026,Trichy,E108,2024-09-01,49,Male,Secondary,Self-Employed,3,30,25360,False,
HIST_01912,PLFS_2026,Trichy,E104,2024-10-01,26,Male,Below Primary,Employed,2,53,11077,False,
HIST_01913,PLFS_2026,Madurai,E101,2024-08-01,37,Female,Graduate,Self-Employed,4,53,26132,False,
HIST_01914,PLFS_2026,Chennai,E108,2024-02-01,56,Female,Higher Secondary,Employed,1,51,18306,False,
HIST_01915,PLFS_2026,Salem,E102,2024-02-01,54,Female,Post Graduate,Employed,4,39,43037,False,
HIST_01916,PLFS_2026,Chennai,E107,2025-01-01,48,Female,Below Primary,Employed,4,36,10838,False,
HIST_01917,PLFS_2026,Coimbatore,E103,2025-10-01,37,Female,Post Graduate,Employed,3,50,22686,False,
HIST_01918,PLFS_2026,Salem,E101,2025-06-01,42,Female,Below Primary,Self-Employed,3,38,10218,False,
HIST_01919,PLFS_2026,Salem,E105,2025-07-01,35,Male,Below Primary,Employed,1,39,9898,False,
HIST_01920,PLFS_2026,Trichy,E107,2025-02-01,44,Male,Below Primary,Employed,2,43,15701,False,
HIST_01921,PLFS_2026,Salem,E108,2025-02-01,49,Female,Secondary,Self-Employed,5,41,19954,False,
HIST_01922,PLFS_2026,Coimbatore,E104,2024-05-01,35,Male,Higher Secondary,Self-Employed,3,48,19373,False,
HIST_01923,PLFS_2026,Salem,E102,2024-08-01,55,Female,Higher Secondary,Employed,3,49,28404,False,
HIST_01924,PLFS_2026,Chennai,E105,2024-12-01,50,Female,Higher Secondary,Self-Employed,2,48,25743,False,
HIST_01925,PLFS_2026,Trichy,E101,2024-04-01,48,Female,Post Graduate,Unemployed,2,0,0,False,
HIST_01926,PLFS_2026,Salem,E103,2025-03-01,28,Female,Below Primary,Employed,3,57,11885,False,
HIST_01927,PLFS_2026,Coimbatore,E101,2024-12-01,29,Female,Post Graduate,Employed,2,47,27868,False,
HIST_01928,PLFS_2026,Chennai,E102,2024-09-01,35,Female,Below Primary,Employed,4,55,13602,False,
HIST_01929,PLFS_2026,Salem,E105,2024-09-01,29,Female,Secondary,Employed,5,42,13551,False,
HIST_01930,PLFS_2026,Madurai,E103,2025-08-01,35,Male,Secondary,Employed,5,46,18045,False,
HIST_01931,PLFS_2026,Chennai,E103,2025-10-01,57,Female,Post Graduate,Employed,2,34,25719,False,
HIST_01932,PLFS_2026,Trichy,E104,2024-02-01,42,Female,Higher Secondary,Employed,4,57,23071,False,
HIST_01933,PLFS_2026,Salem,E101,2025-08-01,33,Male,Higher Secondary,Employed,4,45,14644,False,
HIST_01934,PLFS_2026,Trichy,E108,2024-04-01,65,Male,Secondary,Employed,4,46,20214,False,
HIST_01935,PLFS_2026,Trichy,E106,2025-10-01,46,Female,Below Primary,Unemployed,3,0,0,False,
HIST_01936,PLFS_2026,Salem,E103,2024-01-01,42,Female,Post Graduate,Self-Employed,2,56,40229,False,
HIST_01937,PLFS_2026,Salem,E107,2025-09-01,46,Female,Graduate,Self-Employed,5,45,29774,False,
HIST_01938,PLFS_2026,Salem,E101,2024-06-01,47,Female,Below Primary,Employed,3,45,12301,False,
HIST_01939,PLFS_2026,Madurai,E101,2024-04-01,26,Male,Higher Secondary,Employed,7,33,16288,False,
HIST_01940,PLFS_2026,Trichy,E106,2024-07-01,53,Female,Post Graduate,Employed,4,36,42615,False,
HIST_01941,PLFS_2026,Madurai,E107,2025-09-01,55,Male,Below Primary,Self-Employed,3,65,7862,False,
HIST_01942,PLFS_2026,Madurai,E107,2025-06-01,46,Male,Post Graduate,Self-Employed,5,52,36446,False,
HIST_01943,PLFS_2026,Trichy,E108,2025-10-01,34,Female,Higher Secondary,Employed,4,51,24650,False,
HIST_01944,PLFS_2026,Trichy,E105,2024-08-01,50,Female,Secondary,Self-Employed,2,43,14615,False,
HIST_01945,PLFS_2026,Salem,E104,2025-03-01,33,Female,Below Primary,Unemployed,5,0,0,False,
HIST_01946,PLFS_2026,Coimbatore,E107,2024-12-01,40,Male,Higher Secondary,Employed,4,45,19193,False,
HIST_01947,PLFS_2026,Chennai,E106,2025-09-01,37,Female,Post Graduate,Employed,5,45,31969,False,
HIST_01948,PLFS_2026,Coimbatore,E104,2025-07-01,26,Male,Post Graduate,Employed,3,45,47071,False,
HIST_01949,PLFS_2026,Coimbatore,E103,2025-08-01,21,Female,Higher Secondary,Employed,3,46,13931,False,
HIST_01950,PLFS_2026,Chennai,E102,2025-02-01,27,Female,Post Graduate,Self-Employed,3,38,39458,False,
HIST_01951,PLFS_2026,Trichy,E108,2025-09-01,36,Male,Secondary,Self-Employed,3,48,24203,False,
HIST_01952,PLFS_2026,Chennai,E103,2024-04-01,57,Female,Higher Secondary,Self-Employed,1,49,21216,False,
HIST_01953,PLFS_2026,Coimbatore,E102,2024-05-01,39,Male,Graduate,Employed,3,45,28847,False,
HIST_01954,PLFS_2026,Madurai,E102,2024-05-01,31,Female,Graduate,Employed,2,41,29311,False,
HIST_01955,PLFS_2026,Coimbatore,E104,2025-11-01,45,Female,Below Primary,Employed,5,41,12681,False,
HIST_01956,PLFS_2026,Salem,E102,2025-12-01,49,Male,Below Primary,Unemployed,5,0,0,False,
HIST_01957,PLFS_2026,Salem,E108,2025-02-01,40,Female,Graduate,Employed,2,43,32169,False,
HIST_01958,PLFS_2026,Coimbatore,E103,2025-12-01,45,Male,Post Graduate,Self-Employed,3,46,31732,False,
HIST_01959,PLFS_2026,Trichy,E102,2024-05-01,46,Male,Post Graduate,Employed,3,42,35250,False,
HIST_01960,PLFS_2026,Coimbatore,E107,2024-11-01,37,Female,Secondary,Employed,3,50,16576,False,
HIST_01961,PLFS_2026,Trichy,E105,2024-04-01,57,Male,Higher Secondary,Employed,5,37,22306,False,
HIST_01962,PLFS_2026,Chennai,E107,2024-10-01,30,Female,Graduate,Employed,3,61,26277,False,
HIST_01963,PLFS_2026,Madurai,E103,2024-02-01,42,Male,Graduate,Employed,4,36,23211,False,
HIST_01964,PLFS_2026,Trichy,E106,2024-04-01,23,Female,Higher Secondary,Employed,2,22,24396,False,
HIST_01965,PLFS_2026,Salem,E105,2025-04-01,62,Female,Secondary,Self-Employed,4,33,15686,False,
HIST_01966,PLFS_2026,Salem,E105,2025-08-01,32,Male,Secondary,Unemployed,2,0,0,False,
HIST_01967,PLFS_2026,Madurai,E102,2024-07-01,24,Male,Below Primary,Employed,4,57,16566,False,
HIST_01968,PLFS_2026,Chennai,E104,2024-01-01,65,Female,Below Primary,Employed,2,67,11149,False,
HIST_01969,PLFS_2026,Salem,E107,2025-12-01,30,Female,Post Graduate,Employed,4,40,41032,False,
HIST_01970,PLFS_2026,Coimbatore,E105,2024-04-01,22,Male,Graduate,Self-Employed,3,55,27680,False,
HIST_01971,PLFS_2026,Coimbatore,E105,2024-03-01,39,Male,Higher Secondary,Unemployed,4,0,0,False,
HIST_01972,PLFS_2026,Chennai,E106,2024-03-01,45,Male,Below Primary,Employed,3,46,14543,False,
HIST_01973,PLFS_2026,Trichy,E106,2024-09-01,23,Female,Post Graduate,Unemployed,2,0,0,False,
HIST_01974,PLFS_2026,Chennai,E106,2024-02-01,53,Female,Below Primary,Self-Employed,3,34,10834,False,
HIST_01975,PLFS_2026,Trichy,E106,2024-07-01,20,Male,Below Primary,Employed,2,48,9182,False,
HIST_01976,PLFS_2026,Trichy,E107,2024-08-01,51,Male,Higher Secondary,Employed,3,45,20775,False,
HIST_01977,PLFS_2026,Coimbatore,E103,2025-12-01,47,Female,Higher Secondary,Employed,5,47,24485,False,
HIST_01978,PLFS_2026,Chennai,E104,2024-01-01,35,Female,Below Primary,Employed,4,42,12005,False,
HIST_01979,PLFS_2026,Trichy,E104,2025-11-01,34,Male,Below Primary,Employed,3,39,13122,False,
HIST_01980,PLFS_2026,Salem,E107,2025-09-01,53,Male,Higher Secondary,Employed,5,34,27672,False,
HIST_01981,PLFS_2026,Madurai,E105,2024-08-01,34,Female,Graduate,Employed,4,37,28795,False,
HIST_01982,PLFS_2026,Coimbatore,E106,2025-06-01,41,Female,Higher Secondary,Employed,2,49,27922,False,
HIST_01983,PLFS_2026,Chennai,E105,2025-02-01,35,Female,Higher Secondary,Employed,5,43,25738,False,
HIST_01984,PLFS_2026,Coimbatore,E102,2024-06-01,18,Female,Higher Secondary,Unemployed,7,0,0,False,
HIST_01985,PLFS_2026,Salem,E107,2025-11-01,18,Male,Graduate,Self-Employed,4,33,30491,False,
HIST_01986,PLFS_2026,Coimbatore,E107,2025-10-01,42,Male,Below Primary,Employed,2,53,13933,False,
HIST_01987,PLFS_2026,Trichy,E104,2025-02-01,49,Male,Post Graduate,Self-Employed,4,33,45431,False,
HIST_01988,PLFS_2026,Salem,E106,2025-02-01,34,Female,Graduate,Employed,2,55,39756,False,
HIST_01989,PLFS_2026,Salem,E101,2024-09-01,37,Female,Secondary,Employed,6,45,16630,False,
HIST_01990,PLFS_2026,Chennai,E105,2025-03-01,30,Female,Secondary,Employed,6,38,20646,False,
HIST_01991,PLFS_2026,Madurai,E104,2025-09-01,31,Male,Post Graduate,Unemployed,3,0,0,False,
HIST_01992,PLFS_2026,Madurai,E101,2025-12-01,33,Male,Graduate,Employed,5,57,31610,False,
HIST_01993,PLFS_2026,Salem,E106,2025-06-01,30,Male,Below Primary,Employed,3,45,12770,False,
HIST_01994,PLFS_2026,Salem,E104,2024-06-01,26,Female,Secondary,Employed,4,45,11823,False,
HIST_01995,PLFS_2026,Madurai,E106,2024-11-01,26,Female,Secondary,Employed,3,44,24801,False,
HIST_01996,PLFS_2026,Madurai,E101,2024-02-01,40,Male,Post Graduate,Employed,2,46,35324,False,
HIST_01997,PLFS_2026,Coimbatore,E108,2024-02-01,41,Male,Higher Secondary,Employed,4,54,21893,False,
HIST_01998,PLFS_2026,Madurai,E104,2024-02-01,57,Female,Below Primary,Self-Employed,5,39,17303,False,
HIST_01999,PLFS_2026,Coimbatore,E107,2024-05-01,41,Female,Below Primary,Employed,2,58,16986,False,
HIST_02000,PLFS_2026,Trichy,E107,2024-01-01,37,Male,Post Graduate,Unemployed,3,0,0,False,
HIST_02001,PLFS_2026,Madurai,E102,2025-12-01,53,Female,Secondary,Self-Employed,4,45,23392,False,
HIST_02002,PLFS_2026,Salem,E106,2025-02-01,34,Male,Higher Secondary,Employed,5,42,23896,False,
HIST_02003,PLFS_2026,Madurai,E102,2024-09-01,36,Female,Graduate,Employed,3,41,35531,False,
HIST_02004,PLFS_2026,Chennai,E104,2025-02-01,29,Female,Graduate,Employed,3,61,33475,False,
HIST_02005,PLFS_2026,Trichy,E104,2025-01-01,18,Male,Graduate,Unemployed,3,0,0,False,
HIST_02006,PLFS_2026,Salem,E102,2025-03-01,18,Male,Post Graduate,Self-Employed,3,35,38455,False,
HIST_02007,PLFS_2026,Coimbatore,E104,2025-03-01,18,Female,Graduate,Employed,4,41,36410,False,
HIST_02008,PLFS_2026,Salem,E106,2024-05-01,54,Male,Below Primary,Employed,5,42,16764,False,
HIST_02009,PLFS_2026,Madurai,E108,2025-07-01,19,Male,Below Primary,Employed,2,44,17409,False,
HIST_02010,PLFS_2026,Trichy,E108,2025-05-01,35,Male,Below Primary,Self-Employed,3,33,14270,False,
HIST_02011,PLFS_2026,Salem,E107,2024-10-01,49,Female,Secondary,Employed,5,39,15455,False,
HIST_02012,PLFS_2026,Trichy,E107,2024-01-01,22,Female,Secondary,Self-Employed,4,36,13761,False,
HIST_02013,PLFS_2026,Coimbatore,E108,2024-11-01,32,Male,Higher Secondary,Employed,3,40,24052,False,
HIST_02014,PLFS_2026,Coimbatore,E102,2024-04-01,38,Female,Below Primary,Employed,3,46,9620,False,
HIST_02015,PLFS_2026,Chennai,E103,2025-05-01,39,Male,Secondary,Employed,4,32,21584,False,
HIST_02016,PLFS_2026,Chennai,E101,2025-02-01,27,Female,Secondary,Unemployed,4,0,0,False,
HIST_02017,PLFS_2026,Trichy,E108,2024-05-01,38,Female,Graduate,Employed,3,52,31778,False,
HIST_02018,PLFS_2026,Chennai,E107,2024-10-01,30,Female,Post Graduate,Employed,2,28,39170,False,
HIST_02019,PLFS_2026,Salem,E103,2024-05-01,37,Female,Post Graduate,Unemployed,5,0,0,False,
HIST_02020,PLFS_2026,Trichy,E106,2025-05-01,29,Female,Graduate,Employed,5,40,32354,False,
HIST_02021,PLFS_2026,Salem,E103,2024-06-01,20,Female,Below Primary,Employed,4,29,11358,False,
HIST_02022,PLFS_2026,Madurai,E103,2025-04-01,43,Male,Below Primary,Employed,3,36,14030,False,
HIST_02023,PLFS_2026,Madurai,E104,2025-11-01,36,Male,Post Graduate,Employed,3,45,58038,False,
HIST_02024,PLFS_2026,Chennai,E101,2025-08-01,51,Female,Post Graduate,Employed,5,48,39265,False,
HIST_02025,PLFS_2026,Salem,E104,2024-12-01,18,Male,Secondary,Employed,3,41,11250,False,
HIST_02026,PLFS_2026,Coimbatore,E105,2024-12-01,24,Female,Higher Secondary,Employed,1,44,25602,False,
HIST_02027,PLFS_2026,Madurai,E102,2025-07-01,51,Male,Below Primary,Unemployed,4,0,0,False,
HIST_02028,PLFS_2026,Salem,E103,2024-09-01,18,Male,Secondary,Self-Employed,2,37,17424,False,
HIST_02029,PLFS_2026,Trichy,E107,2024-11-01,25,Female,Post Graduate,Unemployed,4,0,0,False,
HIST_02030,PLFS_2026,Coimbatore,E104,2024-06-01,51,Male,Secondary,Self-Employed,2,48,17949,False,
HIST_02031,PLFS_2026,Chennai,E103,2024-05-01,33,Male,Graduate,Self-Employed,5,52,22699,False,
HIST_02032,PLFS_2026,Salem,E102,2024-02-01,35,Male,Post Graduate,Self-Employed,4,42,42446,False,
HIST_02033,PLFS_2026,Coimbatore,E108,2024-11-01,41,Female,Post Graduate,Self-Employed,6,32,37069,False,
HIST_02034,PLFS_2026,Madurai,E107,2025-01-01,27,Female,Graduate,Employed,4,32,29939,False,
HIST_02035,PLFS_2026,Trichy,E106,2025-05-01,30,Male,Post Graduate,Self-Employed,3,33,34465,False,
HIST_02036,PLFS_2026,Madurai,E105,2025-11-01,51,Male,Graduate,Employed,3,50,37321,False,
HIST_02037,PLFS_2026,Coimbatore,E105,2025-10-01,41,Male,Post Graduate,Self-Employed,3,48,33863,False,
HIST_02038,PLFS_2026,Salem,E103,2024-01-01,31,Female,Graduate,Self-Employed,2,52,25838,False,
HIST_02039,PLFS_2026,Salem,E107,2024-07-01,40,Male,Graduate,Employed,2,48,23733,False,
HIST_02040,PLFS_2026,Chennai,E104,2025-03-01,36,Female,Post Graduate,Employed,5,51,37832,False,
HIST_02041,PLFS_2026,Trichy,E105,2024-11-01,18,Male,Higher Secondary,Self-Employed,7,58,25179,False,
HIST_02042,PLFS_2026,Trichy,E101,2025-08-01,28,Female,Below Primary,Unemployed,3,0,0,False,
HIST_02043,PLFS_2026,Coimbatore,E107,2024-02-01,41,Female,Higher Secondary,Unemployed,2,0,0,False,
HIST_02044,PLFS_2026,Trichy,E101,2025-11-01,57,Female,Post Graduate,Unemployed,5,0,0,False,
HIST_02045,PLFS_2026,Coimbatore,E103,2025-04-01,18,Male,Below Primary,Employed,4,44,12335,False,
HIST_02046,PLFS_2026,Trichy,E103,2025-11-01,38,Male,Secondary,Employed,2,49,20275,False,
HIST_02047,PLFS_2026,Chennai,E101,2025-03-01,46,Male,Higher Secondary,Employed,5,49,20195,False,
HIST_02048,PLFS_2026,Trichy,E105,2024-07-01,37,Male,Higher Secondary,Self-Employed,4,45,26392,False,
HIST_02049,PLFS_2026,Salem,E103,2025-07-01,45,Female,Post Graduate,Employed,6,62,38605,False,
HIST_02050,PLFS_2026,Coimbatore,E107,2025-10-01,18,Male,Below Primary,Employed,5,40,10076,False,
HIST_02051,PLFS_2026,Trichy,E103,2025-12-01,33,Female,Below Primary,Employed,3,49,8257,False,
HIST_02052,PLFS_2026,Chennai,E105,2025-08-01,25,Male,Post Graduate,Employed,4,49,42875,False,
HIST_02053,PLFS_2026,Chennai,E105,2024-09-01,28,Female,Below Primary,Employed,2,40,12575,False,
HIST_02054,PLFS_2026,Trichy,E102,2025-07-01,55,Female,Below Primary,Employed,1,43,8801,False,
HIST_02055,PLFS_2026,Chennai,E103,2025-12-01,18,Male,Secondary,Employed,5,49,19617,False,
HIST_02056,PLFS_2026,Chennai,E103,2024-01-01,49,Male,Higher Secondary,Employed,3,41,31617,False,
HIST_02057,PLFS_2026,Madurai,E105,2025-10-01,35,Male,Secondary,Employed,4,45,11346,False,
HIST_02058,PLFS_2026,Coimbatore,E105,2024-06-01,18,Female,Secondary,Employed,3,53,20837,False,
HIST_02059,PLFS_2026,Coimbatore,E104,2024-07-01,48,Female,Secondary,Employed,2,57,14526,False,
HIST_02060,PLFS_2026,Salem,E105,2025-11-01,40,Female,Higher Secondary,Employed,3,43,27889,False,
HIST_02061,PLFS_2026,Salem,E106,2024-12-01,29,Female,Secondary,Employed,2,45,16560,False,
HIST_02062,PLFS_2026,Trichy,E107,2024-05-01,65,Male,Graduate,Employed,4,41,22085,False,
HIST_02063,PLFS_2026,Salem,E104,2024-11-01,18,Female,Below Primary,Employed,2,45,15425,False,
HIST_02064,PLFS_2026,Madurai,E105,2024-07-01,51,Female,Higher Secondary,Employed,4,42,23182,False,
HIST_02065,PLFS_2026,Chennai,E103,2025-04-01,31,Male,Graduate,Employed,6,43,27516,False,
HIST_02066,PLFS_2026,Salem,E107,2025-10-01,18,Male,Higher Secondary,Unemployed,3,0,0,False,
HIST_02067,PLFS_2026,Salem,E101,2024-06-01,28,Female,Graduate,Employed,5,33,33923,False,
HIST_02068,PLFS_2026,Chennai,E103,2024-12-01,31,Female,Secondary,Employed,3,36,19360,False,
HIST_02069,PLFS_2026,Madurai,E101,2025-03-01,65,Female,Post Graduate,Employed,5,38,46630,False,
HIST_02070,PLFS_2026,Coimbatore,E107,2025-04-01,34,Male,Higher Secondary,Unemployed,5,0,0,False,
HIST_02071,PLFS_2026,Trichy,E106,2025-04-01,25,Female,Higher Secondary,Employed,5,46,17495,False,
HIST_02072,PLFS_2026,Madurai,E102,2025-02-01,30,Female,Higher Secondary,Self-Employed,1,44,31727,False,
HIST_02073,PLFS_2026,Coimbatore,E101,2024-06-01,47,Male,Higher Secondary,Self-Employed,6,52,26520,False,
HIST_02074,PLFS_2026,Trichy,E104,2025-07-01,61,Male,Secondary,Unemployed,4,0,0,False,
HIST_02075,PLFS_2026,Chennai,E102,2024-10-01,55,Male,Higher Secondary,Employed,3,39,22610,False,
HIST_02076,PLFS_2026,Madurai,E108,2024-01-01,47,Male,Secondary,Self-Employed,5,33,24881,False,
HIST_02077,PLFS_2026,Salem,E105,2024-03-01,30,Male,Secondary,Self-Employed,3,37,27713,False,
HIST_02078,PLFS_2026,Coimbatore,E102,2025-12-01,40,Male,Secondary,Unemployed,2,0,0,False,
HIST_02079,PLFS_2026,Salem,E101,2025-04-01,35,Male,Higher Secondary,Employed,5,38,19831,False,
HIST_02080,PLFS_2026,Trichy,E107,2025-11-01,18,Male,Graduate,Unemployed,2,0,0,False,
HIST_02081,PLFS_2026,Coimbatore,E104,2024-04-01,38,Female,Secondary,Employed,6,43,17123,False,
HIST_02082,PLFS_2026,Madurai,E107,2024-11-01,38,Female,Graduate,Employed,3,43,34403,False,
HIST_02083,PLFS_2026,Trichy,E102,2024-12-01,39,Female,Post Graduate,Employed,4,53,40950,False,
HIST_02084,PLFS_2026,Trichy,E103,2024-08-01,26,Female,Higher Secondary,Employed,2,46,21246,False,
HIST_02085,PLFS_2026,Chennai,E107,2024-03-01,39,Male,Secondary,Employed,3,65,13211,False,
HIST_02086,PLFS_2026,Chennai,E104,2024-10-01,18,Female,Below Primary,Employed,4,41,12758,False,
HIST_02087,PLFS_2026,Madurai,E107,2024-05-01,45,Female,Higher Secondary,Employed,5,32,19550,False,
HIST_02088,PLFS_2026,Coimbatore,E101,2024-09-01,43,Female,Secondary,Employed,5,62,21440,False,
HIST_02089,PLFS_2026,Trichy,E102,2025-03-01,37,Male,Higher Secondary,Unemployed,2,0,0,False,
HIST_02090,PLFS_2026,Chennai,E107,2024-01-01,45,Male,Higher Secondary,Employed,4,34,20082,False,
HIST_02091,PLFS_2026,Trichy,E107,2025-10-01,48,Female,Below Primary,Employed,4,49,12919,False,
HIST_02092,PLFS_2026,Coimbatore,E107,2024-02-01,57,Female,Graduate,Employed,4,41,22871,False,
HIST_02093,PLFS_2026,Chennai,E108,2025-05-01,40,Female,Graduate,Unemployed,1,0,0,False,
HIST_02094,PLFS_2026,Trichy,E106,2024-04-01,21,Male,Graduate,Employed,2,51,29291,False,
HIST_02095,PLFS_2026,Coimbatore,E102,2024-05-01,39,Male,Higher Secondary,Self-Employed,4,45,27468,False,
HIST_02096,PLFS_2026,Trichy,E105,2024-07-01,39,Female,Graduate,Employed,2,58,30073,False,
HIST_02097,PLFS_2026,Salem,E101,2024-04-01,30,Female,Graduate,Employed,2,48,27343,False,
HIST_02098,PLFS_2026,Trichy,E106,2024-09-01,56,Female,Higher Secondary,Unemployed,3,0,0,False,
HIST_02099,PLFS_2026,Chennai,E105,2024-06-01,49,Female,Higher Secondary,Employed,4,50,21834,False,
HIST_02100,PLFS_2026,Coimbatore,E106,2024-10-01,40,Male,Post Graduate,Employed,5,50,36713,False,
HIST_02101,PLFS_2026,Chennai,E107,2024-08-01,54,Male,Below Primary,Employed,1,61,7905,False,
HIST_02102,PLFS_2026,Madurai,E103,2025-09-01,30,Female,Graduate,Self-Employed,3,43,33635,False,
HIST_02103,PLFS_2026,Salem,E108,2025-11-01,25,Male,Post Graduate,Employed,4,40,40243,False,
HIST_02104,PLFS_2026,Chennai,E102,2024-11-01,37,Female,Below Primary,Employed,4,40,10775,False,
HIST_02105,PLFS_2026,Chennai,E107,2025-05-01,41,Male,Higher Secondary,Self-Employed,5,40,18177,False,
HIST_02106,PLFS_2026,Salem,E107,2025-01-01,45,Male,Secondary,Self-Employed,3,51,14739,False,
HIST_02107,PLFS_2026,Salem,E102,2025-02-01,18,Male,Secondary,Employed,3,38,17716,False,
HIST_02108,PLFS_2026,Salem,E104,2025-11-01,30,Male,Higher Secondary,Employed,4,42,22662,False,
HIST_02109,PLFS_2026,Madurai,E107,2024-09-01,39,Male,Higher Secondary,Employed,4,44,24246,False,
HIST_02110,PLFS_2026,Chennai,E107,2024-06-01,28,Female,Higher Secondary,Employed,5,43,16229,False,
HIST_02111,PLFS_2026,Madurai,E101,2025-02-01,40,Male,Higher Secondary,Employed,2,50,31722,False,
HIST_02112,PLFS_2026,Trichy,E106,2024-04-01,28,Male,Secondary,Employed,4,30,19634,False,
HIST_02113,PLFS_2026,Salem,E104,2024-03-01,27,Female,Post Graduate,Self-Employed,3,36,43564,False,
HIST_02114,PLFS_2026,Trichy,E107,2025-09-01,50,Female,Post Graduate,Employed,4,38,50080,False,
HIST_02115,PLFS_2026,Trichy,E101,2024-11-01,28,Female,Higher Secondary,Employed,1,48,17138,False,
HIST_02116,PLFS_2026,Coimbatore,E103,2025-03-01,49,Female,Secondary,Employed,3,49,23045,False,
HIST_02117,PLFS_2026,Madurai,E107,2024-09-01,23,Female,Below Primary,Unemployed,3,0,0,False,
HIST_02118,PLFS_2026,Trichy,E102,2025-09-01,30,Female,Post Graduate,Self-Employed,3,48,33613,False,
HIST_02119,PLFS_2026,Chennai,E104,2025-12-01,39,Female,Higher Secondary,Employed,1,62,16070,False,
HIST_02120,PLFS_2026,Salem,E108,2025-10-01,34,Female,Below Primary,Employed,3,60,8820,False,
HIST_02121,PLFS_2026,Trichy,E103,2025-08-01,61,Female,Post Graduate,Employed,4,48,30516,False,
HIST_02122,PLFS_2026,Chennai,E105,2025-06-01,44,Female,Secondary,Employed,3,55,14504,False,
HIST_02123,PLFS_2026,Trichy,E103,2025-01-01,36,Male,Below Primary,Employed,3,37,13779,False,
HIST_02124,PLFS_2026,Madurai,E102,2025-07-01,44,Female,Secondary,Self-Employed,5,30,21831,False,
HIST_02125,PLFS_2026,Coimbatore,E107,2024-12-01,65,Male,Graduate,Self-Employed,3,60,26526,False,
HIST_02126,PLFS_2026,Salem,E106,2024-12-01,21,Male,Higher Secondary,Employed,3,53,18312,False,
HIST_02127,PLFS_2026,Trichy,E107,2024-08-01,30,Female,Graduate,Self-Employed,4,45,31273,False,
HIST_02128,PLFS_2026,Salem,E108,2024-06-01,40,Male,Graduate,Employed,4,41,29297,False,
HIST_02129,PLFS_2026,Trichy,E106,2025-03-01,26,Male,Below Primary,Employed,5,39,14709,False,
HIST_02130,PLFS_2026,Coimbatore,E107,2025-02-01,35,Male,Below Primary,Unemployed,4,0,0,False,
HIST_02131,PLFS_2026,Madurai,E102,2025-08-01,18,Female,Below Primary,Employed,2,42,12508,False,
HIST_02132,PLFS_2026,Madurai,E103,2025-07-01,50,Female,Below Primary,Self-Employed,3,37,8537,False,
HIST_02133,PLFS_2026,Chennai,E107,2025-06-01,43,Male,Secondary,Employed,5,55,20555,False,
HIST_02134,PLFS_2026,Madurai,E103,2025-04-01,45,Male,Higher Secondary,Employed,6,47,24842,False,
HIST_02135,PLFS_2026,Chennai,E101,2024-07-01,34,Female,Graduate,Employed,2,39,27948,False,
HIST_02136,PLFS_2026,Trichy,E108,2024-08-01,38,Male,Graduate,Employed,6,45,34601,False,
HIST_02137,PLFS_2026,Chennai,E106,2024-06-01,32,Male,Graduate,Unemployed,3,0,0,False,
HIST_02138,PLFS_2026,Chennai,E101,2025-12-01,44,Male,Graduate,Self-Employed,4,52,29015,False,
HIST_02139,PLFS_2026,Coimbatore,E107,2024-03-01,33,Female,Higher Secondary,Self-Employed,6,44,27117,False,
HIST_02140,PLFS_2026,Trichy,E102,2025-11-01,33,Male,Graduate,Employed,4,52,29167,False,
HIST_02141,PLFS_2026,Chennai,E105,2025-01-01,18,Male,Higher Secondary,Employed,4,54,24320,False,
HIST_02142,PLFS_2026,Trichy,E108,2025-02-01,43,Male,Below Primary,Employed,1,39,12987,False,
HIST_02143,PLFS_2026,Salem,E102,2025-12-01,42,Male,Higher Secondary,Employed,5,43,23785,False,
HIST_02144,PLFS_2026,Salem,E103,2024-08-01,38,Female,Secondary,Employed,2,26,19551,False,
HIST_02145,PLFS_2026,Salem,E102,2025-03-01,40,Female,Secondary,Self-Employed,3,32,20267,False,
HIST_02146,PLFS_2026,Salem,E105,2025-11-01,34,Female,Higher Secondary,Self-Employed,4,59,12577,False,
HIST_02147,PLFS_2026,Salem,E105,2025-08-01,29,Male,Secondary,Employed,3,56,12108,False,
HIST_02148,PLFS_2026,Salem,E101,2024-08-01,61,Female,Post Graduate,Employed,4,44,36494,False,
HIST_02149,PLFS_2026,Salem,E105,2025-11-01,32,Male,Post Graduate,Unemployed,5,0,0,False,
HIST_02150,PLFS_2026,Coimbatore,E108,2025-10-01,33,Female,Secondary,Unemployed,3,0,0,False,
HIST_02151,PLFS_2026,Madurai,E103,2025-08-01,45,Female,Graduate,Employed,5,33,37812,False,
HIST_02152,PLFS_2026,Madurai,E101,2024-07-01,18,Female,Secondary,Employed,3,41,20094,False,
HIST_02153,PLFS_2026,Salem,E106,2025-12-01,40,Female,Graduate,Unemployed,3,0,0,False,
HIST_02154,PLFS_2026,Madurai,E106,2025-09-01,20,Male,Post Graduate,Self-Employed,4,50,50042,False,
HIST_02155,PLFS_2026,Salem,E106,2025-01-01,28,Female,Secondary,Self-Employed,4,42,22285,False,
HIST_02156,PLFS_2026,Coimbatore,E103,2025-04-01,50,Female,Below Primary,Unemployed,4,0,0,False,
HIST_02157,PLFS_2026,Chennai,E106,2024-08-01,45,Female,Secondary,Employed,3,34,16961,False,
HIST_02158,PLFS_2026,Salem,E102,2025-09-01,56,Male,Higher Secondary,Employed,5,36,16861,False,
HIST_02159,PLFS_2026,Trichy,E101,2025-12-01,53,Male,Secondary,Employed,2,49,15782,False,
HIST_02160,PLFS_2026,Chennai,E107,2025-09-01,57,Male,Higher Secondary,Employed,2,54,22813,False,
HIST_02161,PLFS_2026,Salem,E102,2024-02-01,41,Female,Post Graduate,Employed,1,27,36323,False,
HIST_02162,PLFS_2026,Madurai,E105,2025-12-01,40,Male,Secondary,Employed,2,36,20021,False,
HIST_02163,PLFS_2026,Coimbatore,E103,2024-02-01,44,Female,Post Graduate,Employed,3,51,29076,False,
HIST_02164,PLFS_2026,Madurai,E102,2024-05-01,33,Female,Below Primary,Employed,6,45,12303,False,
HIST_02165,PLFS_2026,Madurai,E108,2025-03-01,65,Male,Post Graduate,Self-Employed,2,51,50646,False,
HIST_02166,PLFS_2026,Chennai,E106,2025-09-01,34,Male,Secondary,Employed,5,37,15527,False,
HIST_02167,PLFS_2026,Coimbatore,E102,2025-04-01,42,Male,Below Primary,Employed,5,53,15767,False,
HIST_02168,PLFS_2026,Madurai,E108,2024-10-01,37,Male,Post Graduate,Employed,5,42,44855,False,
HIST_02169,PLFS_2026,Chennai,E108,2025-09-01,40,Male,Post Graduate,Self-Employed,4,48,25804,False,
HIST_02170,PLFS_2026,Trichy,E108,2024-01-01,24,Female,Graduate,Unemployed,4,0,0,False,
HIST_02171,PLFS_2026,Coimbatore,E103,2024-11-01,48,Female,Post Graduate,Employed,4,36,48489,False,
HIST_02172,PLFS_2026,Salem,E105,2025-06-01,62,Male,Higher Secondary,Employed,4,49,22887,False,
HIST_02173,PLFS_2026,Trichy,E105,2025-09-01,44,Female,Below Primary,Self-Employed,3,44,14173,False,
HIST_02174,PLFS_2026,Madurai,E108,2024-01-01,65,Female,Post Graduate,Employed,2,44,29028,False,
HIST_02175,PLFS_2026,Madurai,E103,2024-03-01,57,Female,Higher Secondary,Employed,3,33,24808,False,
HIST_02176,PLFS_2026,Coimbatore,E106,2025-09-01,58,Male,Secondary,Self-Employed,4,46,19472,False,
HIST_02177,PLFS_2026,Madurai,E104,2024-10-01,54,Female,Higher Secondary,Self-Employed,2,44,20008,False,
HIST_02178,PLFS_2026,Coimbatore,E102,2025-10-01,23,Female,Post Graduate,Employed,3,53,42306,False,
HIST_02179,PLFS_2026,Madurai,E106,2024-06-01,45,Male,Graduate,Self-Employed,4,49,23516,False,
HIST_02180,PLFS_2026,Madurai,E103,2024-11-01,34,Female,Post Graduate,Self-Employed,4,47,40433,False,
HIST_02181,PLFS_2026,Salem,E104,2024-09-01,36,Female,Higher Secondary,Employed,3,70,25989,False,
HIST_02182,PLFS_2026,Salem,E106,2025-12-01,42,Female,Higher Secondary,Employed,3,41,21424,False,
HIST_02183,PLFS_2026,Coimbatore,E107,2025-02-01,41,Male,Graduate,Employed,1,32,24433,False,
HIST_02184,PLFS_2026,Coimbatore,E106,2025-09-01,40,Male,Graduate,Self-Employed,3,56,19698,False,
HIST_02185,PLFS_2026,Chennai,E104,2024-07-01,28,Female,Higher Secondary,Self-Employed,5,46,25893,False,
HIST_02186,PLFS_2026,Chennai,E106,2025-02-01,62,Female,Higher Secondary,Employed,3,44,20801,False,
HIST_02187,PLFS_2026,Madurai,E104,2025-08-01,18,Female,Higher Secondary,Employed,3,52,24378,False,
HIST_02188,PLFS_2026,Madurai,E103,2024-11-01,45,Female,Post Graduate,Employed,3,39,47646,False,
HIST_02189,PLFS_2026,Chennai,E107,2025-11-01,32,Female,Secondary,Employed,4,46,23262,False,
HIST_02190,PLFS_2026,Trichy,E107,2024-02-01,49,Male,Below Primary,Unemployed,2,0,0,False,
HIST_02191,PLFS_2026,Salem,E106,2025-03-01,37,Female,Below Primary,Employed,3,53,12449,False,
HIST_02192,PLFS_2026,Chennai,E106,2025-12-01,38,Female,Secondary,Self-Employed,5,41,23646,False,
HIST_02193,PLFS_2026,Trichy,E105,2025-07-01,28,Male,Post Graduate,Employed,4,56,27532,False,
HIST_02194,PLFS_2026,Madurai,E106,2025-07-01,33,Female,Post Graduate,Employed,5,54,36696,False,
HIST_02195,PLFS_2026,Salem,E101,2024-05-01,29,Male,Higher Secondary,Self-Employed,5,54,16875,False,
HIST_02196,PLFS_2026,Salem,E108,2025-12-01,23,Male,Secondary,Employed,4,50,16923,False,
HIST_02197,PLFS_2026,Madurai,E108,2024-12-01,46,Female,Secondary,Unemployed,3,0,0,False,
HIST_02198,PLFS_2026,Salem,E105,2025-08-01,38,Male,Secondary,Employed,3,35,11463,False,
HIST_02199,PLFS_2026,Coimbatore,E107,2025-01-01,31,Female,Below Primary,Self-Employed,5,55,14850,False,
HIST_02200,PLFS_2026,Chennai,E106,2024-01-01,28,Female,Below Primary,Self-Employed,2,48,13524,False,
HIST_02201,PLFS_2026,Salem,E108,2024-10-01,42,Female,Below Primary,Unemployed,1,0,0,False,
HIST_02202,PLFS_2026,Trichy,E102,2025-06-01,43,Male,Post Graduate,Employed,4,46,40513,False,
HIST_02203,PLFS_2026,Trichy,E102,2025-07-01,39,Female,Post Graduate,Unemployed,4,0,0,False,
HIST_02204,PLFS_2026,Madurai,E102,2025-10-01,34,Female,Higher Secondary,Employed,4,48,23176,False,
HIST_02205,PLFS_2026,Madurai,E106,2024-03-01,42,Male,Post Graduate,Employed,5,47,33067,False,
HIST_02206,PLFS_2026,Trichy,E107,2024-01-01,48,Female,Post Graduate,Employed,2,36,40552,False,
HIST_02207,PLFS_2026,Trichy,E107,2024-01-01,44,Male,Secondary,Employed,2,41,15818,False,
HIST_02208,PLFS_2026,Madurai,E105,2024-08-01,32,Female,Post Graduate,Employed,5,50,37854,False,
HIST_02209,PLFS_2026,Madurai,E106,2025-11-01,31,Male,Secondary,Self-Employed,2,56,20131,False,
HIST_02210,PLFS_2026,Madurai,E105,2024-06-01,29,Male,Below Primary,Employed,4,44,11310,False,
HIST_02211,PLFS_2026,Chennai,E103,2025-06-01,43,Female,Below Primary,Employed,3,42,12291,False,
HIST_02212,PLFS_2026,Salem,E104,2025-10-01,32,Male,Secondary,Employed,4,59,15284,False,
HIST_02213,PLFS_2026,Coimbatore,E105,2024-08-01,18,Male,Higher Secondary,Employed,1,43,19082,False,
HIST_02214,PLFS_2026,Coimbatore,E102,2025-01-01,40,Male,Graduate,Self-Employed,4,32,17836,False,
HIST_02215,PLFS_2026,Madurai,E107,2024-02-01,41,Female,Graduate,Employed,4,41,18719,False,
HIST_02216,PLFS_2026,Madurai,E107,2025-07-01,43,Male,Below Primary,Self-Employed,5,47,9966,False,
HIST_02217,PLFS_2026,Trichy,E102,2024-06-01,38,Male,Below Primary,Self-Employed,2,53,12196,False,
HIST_02218,PLFS_2026,Trichy,E106,2025-12-01,18,Female,Graduate,Employed,3,48,26134,False,
HIST_02219,PLFS_2026,Chennai,E106,2025-04-01,34,Female,Post Graduate,Employed,2,49,33071,False,
HIST_02220,PLFS_2026,Coimbatore,E101,2024-01-01,18,Female,Graduate,Employed,3,52,25833,False,
HIST_02221,PLFS_2026,Chennai,E106,2024-12-01,58,Female,Below Primary,Employed,4,47,11691,False,
HIST_02222,PLFS_2026,Salem,E104,2025-11-01,37,Male,Graduate,Self-Employed,3,42,30972,False,
HIST_02223,PLFS_2026,Chennai,E105,2025-12-01,26,Female,Below Primary,Employed,2,36,16909,False,
HIST_02224,PLFS_2026,Madurai,E103,2025-07-01,44,Male,Secondary,Employed,4,36,20244,False,
HIST_02225,PLFS_2026,Madurai,E108,2024-02-01,36,Male,Post Graduate,Self-Employed,4,37,39218,False,
HIST_02226,PLFS_2026,Salem,E106,2025-08-01,32,Female,Secondary,Employed,3,50,12464,False,
HIST_02227,PLFS_2026,Madurai,E103,2025-12-01,44,Male,Higher Secondary,Self-Employed,4,37,18390,False,
HIST_02228,PLFS_2026,Chennai,E103,2024-01-01,35,Female,Secondary,Employed,4,43,19560,False,
HIST_02229,PLFS_2026,Salem,E105,2025-08-01,59,Female,Below Primary,Self-Employed,3,31,13982,False,
HIST_02230,PLFS_2026,Salem,E101,2025-04-01,58,Male,Secondary,Self-Employed,4,36,17553,False,
HIST_02231,PLFS_2026,Chennai,E107,2025-08-01,24,Male,Secondary,Employed,4,34,16919,False,
HIST_02232,PLFS_2026,Salem,E104,2024-03-01,25,Female,Below Primary,Employed,4,42,12424,False,
HIST_02233,PLFS_2026,Coimbatore,E108,2025-02-01,38,Female,Secondary,Self-Employed,2,50,17824,False,
HIST_02234,PLFS_2026,Chennai,E105,2025-04-01,26,Female,Higher Secondary,Employed,6,48,21325,False,
HIST_02235,PLFS_2026,Trichy,E106,2025-08-01,54,Male,Graduate,Employed,6,43,29945,False,
HIST_02236,PLFS_2026,Trichy,E104,2024-05-01,26,Male,Post Graduate,Employed,3,43,39404,False,
HIST_02237,PLFS_2026,Madurai,E104,2025-10-01,41,Male,Below Primary,Unemployed,4,0,0,False,
HIST_02238,PLFS_2026,Salem,E102,2024-08-01,26,Male,Higher Secondary,Employed,3,42,26623,False,
HIST_02239,PLFS_2026,Salem,E106,2025-11-01,24,Female,Post Graduate,Employed,3,52,35720,False,
HIST_02240,PLFS_2026,Trichy,E105,2024-05-01,43,Female,Graduate,Employed,3,47,26720,False,
HIST_02241,PLFS_2026,Madurai,E101,2025-12-01,46,Female,Below Primary,Self-Employed,1,42,12711,False,
HIST_02242,PLFS_2026,Madurai,E101,2024-05-01,44,Male,Secondary,Employed,5,41,23326,False,
HIST_02243,PLFS_2026,Salem,E101,2025-07-01,30,Female,Graduate,Self-Employed,5,51,22884,False,
HIST_02244,PLFS_2026,Madurai,E107,2025-03-01,41,Male,Graduate,Unemployed,3,0,0,False,
HIST_02245,PLFS_2026,Trichy,E108,2024-04-01,34,Female,Post Graduate,Self-Employed,5,44,44280,False,
HIST_02246,PLFS_2026,Salem,E103,2024-09-01,35,Female,Graduate,Self-Employed,6,39,24560,False,
HIST_02247,PLFS_2026,Coimbatore,E102,2025-10-01,56,Female,Post Graduate,Employed,3,57,44777,False,
HIST_02248,PLFS_2026,Salem,E107,2025-09-01,36,Male,Post Graduate,Employed,1,44,38772,False,
HIST_02249,PLFS_2026,Madurai,E108,2024-04-01,52,Male,Post Graduate,Unemployed,6,0,0,False,
HIST_02250,PLFS_2026,Madurai,E106,2024-10-01,47,Female,Graduate,Employed,5,48,17122,False,
HIST_02251,PLFS_2026,Chennai,E103,2025-01-01,36,Male,Secondary,Self-Employed,2,43,21528,False,
HIST_02252,PLFS_2026,Madurai,E101,2024-07-01,41,Female,Post Graduate,Unemployed,5,0,0,False,
HIST_02253,PLFS_2026,Madurai,E101,2025-06-01,18,Female,Post Graduate,Employed,4,43,30575,False,
HIST_02254,PLFS_2026,Trichy,E103,2024-12-01,18,Male,Below Primary,Unemployed,3,0,0,False,
HIST_02255,PLFS_2026,Trichy,E104,2025-11-01,40,Male,Post Graduate,Self-Employed,6,36,44696,False,
HIST_02256,PLFS_2026,Trichy,E107,2024-07-01,38,Female,Below Primary,Self-Employed,4,41,14572,False,
HIST_02257,PLFS_2026,Coimbatore,E105,2025-01-01,41,Female,Graduate,Employed,3,44,26658,False,
HIST_02258,PLFS_2026,Madurai,E105,2024-01-01,43,Male,Higher Secondary,Unemployed,2,0,0,False,
HIST_02259,PLFS_2026,Salem,E104,2025-12-01,38,Male,Below Primary,Self-Employed,5,51,11982,False,
HIST_02260,PLFS_2026,Madurai,E103,2025-04-01,40,Male,Secondary,Employed,4,48,11427,False,
HIST_02261,PLFS_2026,Madurai,E107,2025-01-01,34,Male,Secondary,Self-Employed,2,55,17780,False,
HIST_02262,PLFS_2026,Chennai,E104,2024-09-01,35,Male,Graduate,Employed,5,48,21679,False,
HIST_02263,PLFS_2026,Trichy,E103,2024-07-01,37,Female,Secondary,Unemployed,3,0,0,False,
HIST_02264,PLFS_2026,Salem,E101,2025-09-01,35,Male,Post Graduate,Employed,3,33,46752,False,
HIST_02265,PLFS_2026,Chennai,E108,2024-08-01,36,Female,Higher Secondary,Self-Employed,4,48,18532,False,
HIST_02266,PLFS_2026,Trichy,E108,2024-05-01,43,Male,Higher Secondary,Self-Employed,3,37,24523,False,
HIST_02267,PLFS_2026,Chennai,E107,2024-09-01,55,Male,Graduate,Employed,4,52,25084,False,
HIST_02268,PLFS_2026,Madurai,E108,2024-10-01,18,Male,Post Graduate,Employed,5,61,49725,False,
HIST_02269,PLFS_2026,Trichy,E106,2024-08-01,33,Female,Graduate,Employed,2,36,18571,False,
HIST_02270,PLFS_2026,Chennai,E105,2025-12-01,36,Female,Higher Secondary,Unemployed,6,0,0,False,
HIST_02271,PLFS_2026,Salem,E107,2025-10-01,54,Female,Higher Secondary,Employed,3,61,30765,False,
HIST_02272,PLFS_2026,Chennai,E108,2024-08-01,36,Female,Secondary,Employed,3,50,16748,False,
HIST_02273,PLFS_2026,Salem,E102,2025-11-01,24,Female,Post Graduate,Unemployed,5,0,0,False,
HIST_02274,PLFS_2026,Trichy,E107,2025-08-01,22,Female,Below Primary,Unemployed,2,0,0,False,
HIST_02275,PLFS_2026,Trichy,E102,2025-07-01,33,Male,Below Primary,Self-Employed,5,50,15307,False,
HIST_02276,PLFS_2026,Madurai,E106,2025-07-01,26,Female,Graduate,Unemployed,3,0,0,False,
HIST_02277,PLFS_2026,Chennai,E106,2025-09-01,56,Female,Graduate,Employed,4,59,31024,False,
HIST_02278,PLFS_2026,Trichy,E101,2025-01-01,50,Female,Below Primary,Employed,3,45,14186,False,
HIST_02279,PLFS_2026,Madurai,E101,2025-09-01,57,Female,Below Primary,Employed,4,44,15305,False,
HIST_02280,PLFS_2026,Coimbatore,E101,2025-12-01,18,Female,Higher Secondary,Employed,2,50,22062,False,
HIST_02281,PLFS_2026,Salem,E106,2024-08-01,45,Female,Graduate,Self-Employed,4,49,23439,False,
HIST_02282,PLFS_2026,Salem,E108,2025-11-01,44,Female,Secondary,Employed,5,54,25248,False,
HIST_02283,PLFS_2026,Trichy,E106,2025-12-01,40,Female,Higher Secondary,Self-Employed,4,32,19661,False,
HIST_02284,PLFS_2026,Madurai,E108,2024-03-01,35,Female,Higher Secondary,Unemployed,5,0,0,False,
HIST_02285,PLFS_2026,Madurai,E106,2024-10-01,37,Male,Below Primary,Unemployed,3,0,0,False,
HIST_02286,PLFS_2026,Salem,E108,2025-09-01,32,Male,Graduate,Employed,1,43,25312,False,
HIST_02287,PLFS_2026,Coimbatore,E106,2024-11-01,31,Female,Higher Secondary,Self-Employed,4,50,23021,False,
HIST_02288,PLFS_2026,Madurai,E106,2024-01-01,49,Male,Secondary,Employed,4,42,16333,False,
HIST_02289,PLFS_2026,Trichy,E105,2025-06-01,41,Male,Graduate,Unemployed,4,0,0,False,
HIST_02290,PLFS_2026,Chennai,E104,2024-03-01,31,Male,Post Graduate,Self-Employed,3,50,46116,False,
HIST_02291,PLFS_2026,Coimbatore,E105,2024-05-01,49,Female,Post Graduate,Employed,3,34,30408,False,
HIST_02292,PLFS_2026,Madurai,E107,2024-04-01,41,Female,Post Graduate,Employed,4,36,38338,False,
HIST_02293,PLFS_2026,Chennai,E106,2024-08-01,45,Female,Below Primary,Employed,2,53,11093,False,
HIST_02294,PLFS_2026,Madurai,E105,2024-01-01,53,Female,Secondary,Self-Employed,3,36,16350,False,
HIST_02295,PLFS_2026,Madurai,E104,2024-08-01,36,Female,Secondary,Employed,3,43,19202,False,
HIST_02296,PLFS_2026,Salem,E104,2024-01-01,35,Female,Graduate,Employed,3,31,30193,False,
HIST_02297,PLFS_2026,Trichy,E104,2025-02-01,36,Male,Post Graduate,Employed,6,37,24256,False,
HIST_02298,PLFS_2026,Trichy,E107,2025-12-01,45,Female,Higher Secondary,Self-Employed,4,36,15269,False,
HIST_02299,PLFS_2026,Salem,E107,2024-12-01,56,Female,Secondary,Employed,5,25,16350,False,
HIST_02300,PLFS_2026,Salem,E102,2025-11-01,57,Male,Higher Secondary,Self-Employed,3,41,20755,False,
HIST_02301,PLFS_2026,Madurai,E103,2024-04-01,24,Female,Post Graduate,Employed,1,53,23993,False,
HIST_02302,PLFS_2026,Trichy,E104,2025-12-01,40,Female,Post Graduate,Self-Employed,5,33,30975,False,
HIST_02303,PLFS_2026,Madurai,E108,2024-09-01,52,Male,Graduate,Unemployed,4,0,0,False,
HIST_02304,PLFS_2026,Coimbatore,E107,2024-03-01,52,Male,Below Primary,Employed,4,37,11007,False,
HIST_02305,PLFS_2026,Trichy,E101,2024-12-01,41,Female,Secondary,Employed,3,52,12492,False,
HIST_02306,PLFS_2026,Salem,E102,2025-12-01,20,Female,Post Graduate,Employed,4,41,33234,False,
HIST_02307,PLFS_2026,Chennai,E108,2025-02-01,18,Male,Graduate,Employed,4,44,31659,False,
HIST_02308,PLFS_2026,Coimbatore,E105,2025-06-01,38,Female,Higher Secondary,Employed,3,54,16225,False,
HIST_02309,PLFS_2026,Trichy,E107,2024-05-01,44,Female,Below Primary,Self-Employed,1,38,9089,False,
HIST_02310,PLFS_2026,Chennai,E106,2025-07-01,47,Male,Below Primary,Unemployed,3,0,0,False,
HIST_02311,PLFS_2026,Trichy,E107,2025-12-01,34,Male,Secondary,Employed,3,48,14432,False,
HIST_02312,PLFS_2026,Trichy,E103,2024-06-01,53,Male,Graduate,Unemployed,1,0,0,False,
HIST_02313,PLFS_2026,Salem,E102,2024-04-01,32,Female,Post Graduate,Unemployed,2,0,0,False,
HIST_02314,PLFS_2026,Coimbatore,E107,2025-01-01,27,Female,Secondary,Self-Employed,2,67,17094,False,
HIST_02315,PLFS_2026,Madurai,E102,2024-10-01,18,Female,Secondary,Unemployed,5,0,0,False,
HIST_02316,PLFS_2026,Salem,E108,2024-03-01,26,Male,Higher Secondary,Employed,4,43,13525,False,
HIST_02317,PLFS_2026,Madurai,E106,2025-09-01,59,Male,Higher Secondary,Employed,3,56,27625,False,
HIST_02318,PLFS_2026,Chennai,E105,2024-01-01,25,Male,Post Graduate,Employed,5,39,23813,False,
HIST_02319,PLFS_2026,Salem,E102,2024-06-01,32,Male,Post Graduate,Employed,4,41,35666,False,
HIST_02320,PLFS_2026,Salem,E107,2024-10-01,51,Male,Post Graduate,Employed,4,38,43335,False,
HIST_02321,PLFS_2026,Chennai,E103,2024-07-01,40,Female,Secondary,Employed,1,48,19410,False,
HIST_02322,PLFS_2026,Salem,E102,2025-10-01,38,Male,Post Graduate,Employed,5,39,40557,False,
HIST_02323,PLFS_2026,Madurai,E108,2025-11-01,19,Male,Post Graduate,Employed,4,60,30439,False,
HIST_02324,PLFS_2026,Coimbatore,E101,2025-08-01,28,Male,Post Graduate,Self-Employed,3,46,29920,False,
HIST_02325,PLFS_2026,Chennai,E105,2024-10-01,43,Male,Higher Secondary,Unemployed,5,0,0,False,
HIST_02326,PLFS_2026,Trichy,E103,2024-04-01,49,Female,Secondary,Unemployed,5,0,0,False,
HIST_02327,PLFS_2026,Trichy,E106,2025-03-01,40,Female,Graduate,Self-Employed,5,60,22662,False,
HIST_02328,PLFS_2026,Trichy,E102,2024-11-01,50,Male,Higher Secondary,Employed,3,43,15239,False,
HIST_02329,PLFS_2026,Coimbatore,E104,2025-01-01,34,Male,Higher Secondary,Employed,2,41,17167,False,
HIST_02330,PLFS_2026,Coimbatore,E102,2025-05-01,32,Male,Higher Secondary,Self-Employed,3,45,14895,False,
HIST_02331,PLFS_2026,Trichy,E107,2025-06-01,20,Male,Higher Secondary,Employed,4,38,26727,False,
HIST_02332,PLFS_2026,Coimbatore,E104,2024-10-01,40,Female,Graduate,Employed,4,56,26265,False,
HIST_02333,PLFS_2026,Chennai,E108,2024-01-01,31,Female,Below Primary,Employed,5,49,11550,False,
HIST_02334,PLFS_2026,Coimbatore,E107,2024-10-01,54,Female,Higher Secondary,Self-Employed,3,45,22093,False,
HIST_02335,PLFS_2026,Chennai,E101,2024-07-01,26,Male,Higher Secondary,Self-Employed,4,56,23957,False,
HIST_02336,PLFS_2026,Trichy,E103,2025-09-01,38,Female,Below Primary,Employed,3,47,13799,False,
HIST_02337,PLFS_2026,Chennai,E105,2025-01-01,45,Male,Higher Secondary,Self-Employed,3,47,24111,False,
HIST_02338,PLFS_2026,Chennai,E107,2025-12-01,25,Male,Post Graduate,Employed,4,27,41667,False,
HIST_02339,PLFS_2026,Chennai,E104,2024-04-01,45,Female,Secondary,Self-Employed,4,41,19112,False,
HIST_02340,PLFS_2026,Salem,E102,2025-11-01,55,Male,Graduate,Employed,5,44,28780,False,
HIST_02341,PLFS_2026,Trichy,E101,2024-02-01,51,Female,Secondary,Self-Employed,2,42,22808,False,
HIST_02342,PLFS_2026,Chennai,E105,2024-01-01,49,Male,Higher Secondary,Self-Employed,4,32,21780,False,
HIST_02343,PLFS_2026,Coimbatore,E104,2024-12-01,30,Female,Below Primary,Employed,4,38,9538,False,
HIST_02344,PLFS_2026,Trichy,E104,2025-08-01,18,Female,Graduate,Unemployed,5,0,0,False,
HIST_02345,PLFS_2026,Salem,E104,2025-09-01,37,Female,Graduate,Unemployed,2,0,0,False,
HIST_02346,PLFS_2026,Coimbatore,E107,2025-01-01,29,Female,Secondary,Self-Employed,4,38,24287,False,
HIST_02347,PLFS_2026,Coimbatore,E105,2025-08-01,50,Male,Graduate,Employed,5,44,36479,False,
HIST_02348,PLFS_2026,Coimbatore,E103,2025-10-01,35,Male,Below Primary,Unemployed,3,0,0,False,
HIST_02349,PLFS_2026,Chennai,E103,2025-04-01,45,Male,Secondary,Employed,3,40,20303,False,
HIST_02350,PLFS_2026,Madurai,E105,2025-10-01,46,Female,Higher Secondary,Employed,3,32,21087,False,
HIST_02351,PLFS_2026,Salem,E105,2024-04-01,45,Male,Graduate,Self-Employed,6,35,25611,False,
HIST_02352,PLFS_2026,Madurai,E102,2025-06-01,33,Female,Secondary,Employed,5,44,14733,False,
HIST_02353,PLFS_2026,Chennai,E108,2025-04-01,44,Male,Below Primary,Employed,3,35,9857,False,
HIST_02354,PLFS_2026,Coimbatore,E103,2024-03-01,58,Male,Secondary,Employed,4,45,17100,False,
HIST_02355,PLFS_2026,Salem,E108,2025-12-01,41,Male,Graduate,Employed,4,47,28643,False,
HIST_02356,PLFS_2026,Chennai,E104,2024-07-01,48,Female,Below Primary,Employed,4,37,10530,False,
HIST_02357,PLFS_2026,Madurai,E106,2024-09-01,18,Male,Higher Secondary,Employed,6,51,18347,False,
HIST_02358,PLFS_2026,Chennai,E107,2025-01-01,34,Male,Higher Secondary,Employed,3,57,15752,False,
HIST_02359,PLFS_2026,Madurai,E103,2025-09-01,39,Male,Higher Secondary,Unemployed,3,0,0,False,
HIST_02360,PLFS_2026,Coimbatore,E101,2025-03-01,18,Male,Secondary,Unemployed,3,0,0,False,
HIST_02361,PLFS_2026,Salem,E103,2024-05-01,55,Female,Below Primary,Employed,1,38,10673,False,
HIST_02362,PLFS_2026,Chennai,E107,2025-05-01,33,Male,Post Graduate,Unemployed,4,0,0,False,
HIST_02363,PLFS_2026,Salem,E106,2024-02-01,30,Male,Below Primary,Unemployed,4,0,0,False,
HIST_02364,PLFS_2026,Chennai,E107,2024-01-01,47,Male,Graduate,Self-Employed,4,53,26872,False,
HIST_02365,PLFS_2026,Chennai,E104,2025-09-01,42,Male,Post Graduate,Employed,3,44,39967,False,
HIST_02366,PLFS_2026,Chennai,E108,2025-07-01,44,Female,Higher Secondary,Unemployed,2,0,0,False,
HIST_02367,PLFS_2026,Coimbatore,E108,2025-12-01,29,Male,Graduate,Unemployed,3,0,0,False,
HIST_02368,PLFS_2026,Salem,E108,2025-04-01,18,Male,Graduate,Employed,3,27,28177,False,
HIST_02369,PLFS_2026,Salem,E104,2024-05-01,41,Female,Secondary,Self-Employed,6,45,21758,False,
HIST_02370,PLFS_2026,Coimbatore,E105,2024-06-01,45,Female,Below Primary,Employed,3,33,12660,False,
HIST_02371,PLFS_2026,Salem,E103,2024-02-01,20,Female,Graduate,Unemployed,5,0,0,False,
HIST_02372,PLFS_2026,Trichy,E104,2025-01-01,32,Male,Higher Secondary,Employed,4,46,21801,False,
HIST_02373,PLFS_2026,Coimbatore,E107,2025-02-01,32,Female,Graduate,Employed,4,37,21227,False,
HIST_02374,PLFS_2026,Coimbatore,E108,2024-12-01,52,Female,Higher Secondary,Unemployed,4,0,0,False,
HIST_02375,PLFS_2026,Madurai,E104,2024-08-01,34,Male,Secondary,Employed,5,46,14310,False,
HIST_02376,PLFS_2026,Trichy,E106,2025-03-01,60,Female,Higher Secondary,Unemployed,5,0,0,False,
HIST_02377,PLFS_2026,Madurai,E107,2024-05-01,33,Female,Below Primary,Employed,5,25,9552,False,
HIST_02378,PLFS_2026,Coimbatore,E105,2025-08-01,49,Female,Below Primary,Employed,3,46,8767,False,
HIST_02379,PLFS_2026,Salem,E103,2025-10-01,60,Female,Post Graduate,Employed,5,43,34924,False,
HIST_02380,PLFS_2026,Coimbatore,E101,2025-11-01,50,Male,Graduate,Employed,6,52,40162,False,
HIST_02381,PLFS_2026,Madurai,E105,2025-12-01,26,Male,Graduate,Employed,2,35,30473,False,
HIST_02382,PLFS_2026,Madurai,E103,2025-02-01,40,Female,Graduate,Employed,3,51,34901,False,
HIST_02383,PLFS_2026,Madurai,E108,2024-11-01,19,Male,Below Primary,Self-Employed,3,51,10877,False,
HIST_02384,PLFS_2026,Chennai,E101,2024-01-01,28,Male,Higher Secondary,Self-Employed,5,34,20673,False,
HIST_02385,PLFS_2026,Salem,E106,2024-07-01,41,Male,Secondary,Employed,3,51,15952,False,
HIST_02386,PLFS_2026,Chennai,E106,2025-08-01,54,Female,Post Graduate,Self-Employed,3,50,43669,False,
HIST_02387,PLFS_2026,Coimbatore,E108,2024-11-01,30,Male,Higher Secondary,Employed,1,47,22318,False,
HIST_02388,PLFS_2026,Trichy,E103,2024-05-01,44,Male,Graduate,Employed,3,41,39247,False,
HIST_02389,PLFS_2026,Trichy,E107,2024-06-01,20,Female,Higher Secondary,Unemployed,4,0,0,False,
HIST_02390,PLFS_2026,Madurai,E102,2025-10-01,34,Male,Graduate,Employed,2,49,35787,False,
HIST_02391,PLFS_2026,Chennai,E103,2025-01-01,43,Female,Graduate,Employed,4,37,30894,False,
HIST_02392,PLFS_2026,Chennai,E106,2025-03-01,63,Male,Graduate,Self-Employed,3,41,24857,False,
HIST_02393,PLFS_2026,Coimbatore,E106,2024-11-01,32,Male,Higher Secondary,Employed,1,48,18279,False,
HIST_02394,PLFS_2026,Madurai,E105,2025-10-01,18,Female,Secondary,Employed,4,36,16780,False,
HIST_02395,PLFS_2026,Madurai,E106,2024-10-01,55,Male,Higher Secondary,Unemployed,2,0,0,False,
HIST_02396,PLFS_2026,Coimbatore,E101,2025-08-01,51,Female,Secondary,Employed,1,48,20091,False,
HIST_02397,PLFS_2026,Salem,E104,2025-05-01,18,Female,Post Graduate,Self-Employed,5,52,35630,False,
HIST_02398,PLFS_2026,Chennai,E108,2024-11-01,53,Male,Below Primary,Unemployed,5,0,0,False,
HIST_02399,PLFS_2026,Salem,E105,2025-03-01,26,Female,Higher Secondary,Employed,3,49,20573,False,
HIST_02400,PLFS_2026,Coimbatore,E102,2024-11-01,18,Male,Secondary,Self-Employed,5,46,16633,False,
HIST_02401,PLFS_2026,Trichy,E101,2025-12-01,48,Male,Higher Secondary,Employed,5,22,23910,False,
HIST_02402,PLFS_2026,Coimbatore,E107,2025-01-01,20,Male,Higher Secondary,Unemployed,4,0,0,False,
HIST_02403,PLFS_2026,Salem,E106,2025-05-01,32,Female,Graduate,Unemployed,1,0,0,False,
HIST_02404,PLFS_2026,Madurai,E106,2025-12-01,50,Female,Post Graduate,Employed,2,53,33076,False,
HIST_02405,PLFS_2026,Salem,E105,2024-03-01,42,Female,Below Primary,Self-Employed,3,46,14140,False,
HIST_02406,PLFS_2026,Salem,E102,2024-01-01,23,Male,Below Primary,Employed,3,46,17763,False,
HIST_02407,PLFS_2026,Madurai,E106,2024-03-01,27,Male,Post Graduate,Self-Employed,6,61,37260,False,
HIST_02408,PLFS_2026,Chennai,E102,2024-01-01,34,Male,Higher Secondary,Self-Employed,3,44,15810,False,
HIST_02409,PLFS_2026,Trichy,E102,2024-05-01,37,Female,Higher Secondary,Self-Employed,5,40,20940,False,
HIST_02410,PLFS_2026,Chennai,E102,2024-02-01,18,Male,Secondary,Self-Employed,4,47,18229,False,
HIST_02411,PLFS_2026,Chennai,E103,2024-03-01,35,Male,Below Primary,Employed,3,49,11930,False,
HIST_02412,PLFS_2026,Madurai,E104,2024-02-01,41,Male,Graduate,Employed,4,53,31791,False,
HIST_02413,PLFS_2026,Trichy,E104,2025-04-01,40,Male,Graduate,Unemployed,5,0,0,False,
HIST_02414,PLFS_2026,Madurai,E108,2024-10-01,45,Male,Graduate,Employed,1,55,28756,False,
HIST_02415,PLFS_2026,Chennai,E102,2024-06-01,37,Male,Higher Secondary,Employed,4,42,22998,False,
HIST_02416,PLFS_2026,Trichy,E104,2025-11-01,30,Male,Below Primary,Employed,5,44,11081,False,
HIST_02417,PLFS_2026,Salem,E104,2024-06-01,26,Female,Post Graduate,Employed,4,46,40952,False,
HIST_02418,PLFS_2026,Coimbatore,E105,2024-07-01,25,Female,Higher Secondary,Self-Employed,1,50,28532,False,
HIST_02419,PLFS_2026,Madurai,E101,2025-09-01,25,Female,Higher Secondary,Self-Employed,6,47,21968,False,
HIST_02420,PLFS_2026,Chennai,E101,2024-03-01,33,Female,Higher Secondary,Self-Employed,2,52,18587,False,
HIST_02421,PLFS_2026,Chennai,E107,2024-03-01,28,Female,Below Primary,Self-Employed,5,29,8343,False,
HIST_02422,PLFS_2026,Chennai,E106,2025-07-01,37,Female,Post Graduate,Unemployed,4,0,0,False,
HIST_02423,PLFS_2026,Chennai,E105,2025-12-01,65,Female,Graduate,Employed,3,43,23536,False,
HIST_02424,PLFS_2026,Coimbatore,E106,2025-04-01,39,Female,Graduate,Employed,4,54,19660,False,
HIST_02425,PLFS_2026,Madurai,E104,2025-07-01,35,Male,Below Primary,Unemployed,4,0,0,False,
HIST_02426,PLFS_2026,Coimbatore,E108,2025-03-01,44,Female,Graduate,Employed,2,57,33558,False,
HIST_02427,PLFS_2026,Coimbatore,E108,2024-05-01,21,Male,Graduate,Employed,2,36,31796,False,
HIST_02428,PLFS_2026,Chennai,E103,2024-11-01,22,Female,Secondary,Employed,3,48,17761,False,
HIST_02429,PLFS_2026,Chennai,E107,2025-10-01,41,Male,Secondary,Employed,2,49,15792,False,
HIST_02430,PLFS_2026,Madurai,E104,2024-04-01,34,Male,Graduate,Employed,4,45,28134,False,
HIST_02431,PLFS_2026,Salem,E106,2024-07-01,28,Male,Graduate,Employed,3,45,20299,False,
HIST_02432,PLFS_2026,Salem,E105,2024-08-01,32,Male,Graduate,Unemployed,4,0,0,False,
HIST_02433,PLFS_2026,Coimbatore,E107,2025-02-01,53,Male,Graduate,Self-Employed,2,55,27195,False,
HIST_02434,PLFS_2026,Chennai,E106,2024-04-01,43,Male,Higher Secondary,Unemployed,3,0,0,False,
HIST_02435,PLFS_2026,Trichy,E105,2024-05-01,28,Male,Post Graduate,Self-Employed,2,33,39428,False,
HIST_02436,PLFS_2026,Madurai,E107,2025-04-01,44,Male,Higher Secondary,Unemployed,4,0,0,False,
HIST_02437,PLFS_2026,Salem,E105,2025-10-01,29,Female,Post Graduate,Employed,5,41,39089,False,
HIST_02438,PLFS_2026,Madurai,E105,2024-11-01,25,Female,Secondary,Employed,4,41,21768,False,
HIST_02439,PLFS_2026,Coimbatore,E102,2024-01-01,47,Female,Higher Secondary,Employed,3,43,19575,False,
HIST_02440,PLFS_2026,Madurai,E106,2025-11-01,20,Male,Higher Secondary,Unemployed,2,0,0,False,
HIST_02441,PLFS_2026,Coimbatore,E105,2025-06-01,39,Female,Post Graduate,Self-Employed,3,52,38482,False,
HIST_02442,PLFS_2026,Madurai,E103,2024-11-01,46,Male,Post Graduate,Unemployed,1,0,0,False,
HIST_02443,PLFS_2026,Madurai,E108,2025-07-01,20,Female,Below Primary,Employed,3,42,15809,False,
HIST_02444,PLFS_2026,Chennai,E107,2024-05-01,42,Female,Below Primary,Employed,4,51,12884,False,
HIST_02445,PLFS_2026,Coimbatore,E105,2024-03-01,32,Female,Graduate,Self-Employed,5,36,29810,False,
HIST_02446,PLFS_2026,Salem,E103,2024-12-01,19,Male,Graduate,Employed,4,46,37388,False,
HIST_02447,PLFS_2026,Chennai,E106,2024-12-01,19,Female,Post Graduate,Employed,3,51,40548,False,
HIST_02448,PLFS_2026,Salem,E106,2025-04-01,40,Female,Post Graduate,Self-Employed,2,40,47462,False,
HIST_02449,PLFS_2026,Madurai,E104,2025-08-01,37,Male,Higher Secondary,Unemployed,4,0,0,False,
HIST_02450,PLFS_2026,Madurai,E105,2024-08-01,49,Female,Graduate,Unemployed,4,0,0,False,
HIST_02451,PLFS_2026,Chennai,E105,2024-09-01,47,Male,Secondary,Employed,2,46,21515,False,
HIST_02452,PLFS_2026,Chennai,E107,2024-03-01,18,Female,Graduate,Self-Employed,3,40,24069,False,
HIST_02453,PLFS_2026,Madurai,E108,2025-09-01,42,Female,Post Graduate,Employed,5,43,39561,False,
HIST_02454,PLFS_2026,Coimbatore,E106,2024-04-01,39,Female,Graduate,Employed,4,36,34207,False,
HIST_02455,PLFS_2026,Trichy,E108,2024-10-01,41,Male,Post Graduate,Employed,4,38,34509,False,
HIST_02456,PLFS_2026,Chennai,E102,2024-02-01,35,Female,Post Graduate,Employed,2,31,33434,False,
HIST_02457,PLFS_2026,Madurai,E106,2025-12-01,44,Female,Post Graduate,Employed,3,36,31808,False,
HIST_02458,PLFS_2026,Coimbatore,E106,2025-01-01,32,Male,Higher Secondary,Unemployed,3,0,0,False,
HIST_02459,PLFS_2026,Chennai,E105,2024-11-01,50,Male,Post Graduate,Employed,5,37,28710,False,
HIST_02460,PLFS_2026,Madurai,E108,2024-03-01,24,Male,Secondary,Employed,5,40,13495,False,
HIST_02461,PLFS_2026,Trichy,E103,2025-11-01,32,Male,Below Primary,Self-Employed,3,47,12602,False,
HIST_02462,PLFS_2026,Salem,E106,2024-03-01,28,Female,Higher Secondary,Self-Employed,4,39,21312,False,
HIST_02463,PLFS_2026,Coimbatore,E107,2025-06-01,46,Male,Post Graduate,Employed,3,40,42496,False,
HIST_02464,PLFS_2026,Coimbatore,E103,2025-06-01,27,Male,Secondary,Employed,3,49,25394,False,
HIST_02465,PLFS_2026,Chennai,E105,2024-08-01,45,Male,Below Primary,Unemployed,4,0,0,False,
HIST_02466,PLFS_2026,Trichy,E101,2024-02-01,39,Male,Graduate,Employed,3,47,28652,False,
HIST_02467,PLFS_2026,Madurai,E104,2024-05-01,42,Male,Post Graduate,Employed,3,45,28668,False,
HIST_02468,PLFS_2026,Coimbatore,E107,2024-01-01,34,Female,Graduate,Employed,5,47,27882,False,
HIST_02469,PLFS_2026,Coimbatore,E102,2024-02-01,60,Male,Post Graduate,Employed,2,36,51016,False,
HIST_02470,PLFS_2026,Madurai,E108,2024-01-01,38,Female,Below Primary,Employed,3,35,13074,False,
HIST_02471,PLFS_2026,Salem,E103,2025-01-01,44,Male,Secondary,Employed,2,43,16792,False,
HIST_02472,PLFS_2026,Trichy,E105,2024-09-01,41,Female,Post Graduate,Employed,2,55,44960,False,
HIST_02473,PLFS_2026,Madurai,E105,2024-11-01,33,Male,Higher Secondary,Self-Employed,3,43,18575,False,
HIST_02474,PLFS_2026,Coimbatore,E102,2025-09-01,32,Female,Graduate,Employed,3,57,33301,False,
HIST_02475,PLFS_2026,Trichy,E107,2024-07-01,49,Male,Below Primary,Employed,4,36,11900,False,
HIST_02476,PLFS_2026,Chennai,E104,2024-07-01,49,Female,Secondary,Self-Employed,2,50,26361,False,
HIST_02477,PLFS_2026,Salem,E106,2025-03-01,50,Male,Secondary,Employed,5,46,21484,False,
HIST_02478,PLFS_2026,Salem,E104,2025-05-01,29,Male,Higher Secondary,Employed,5,50,23275,False,
HIST_02479,PLFS_2026,Madurai,E106,2024-07-01,53,Female,Graduate,Unemployed,3,0,0,False,
HIST_02480,PLFS_2026,Coimbatore,E107,2025-08-01,25,Male,Graduate,Employed,4,31,33862,False,
HIST_02481,PLFS_2026,Trichy,E105,2025-10-01,38,Male,Below Primary,Unemployed,3,0,0,False,
HIST_02482,PLFS_2026,Chennai,E101,2025-08-01,46,Male,Below Primary,Self-Employed,4,39,9969,False,
HIST_02483,PLFS_2026,Chennai,E105,2025-03-01,45,Female,Post Graduate,Self-Employed,3,45,38940,False,
HIST_02484,PLFS_2026,Chennai,E101,2024-12-01,41,Male,Secondary,Self-Employed,5,34,11119,False,
HIST_02485,PLFS_2026,Salem,E102,2024-09-01,31,Female,Below Primary,Employed,6,61,16394,False,
HIST_02486,PLFS_2026,Chennai,E102,2024-10-01,35,Male,Higher Secondary,Employed,1,26,19298,False,
HIST_02487,PLFS_2026,Madurai,E102,2025-09-01,35,Male,Graduate,Employed,5,51,29273,False,
HIST_02488,PLFS_2026,Chennai,E102,2025-12-01,27,Male,Graduate,Self-Employed,2,47,31903,False,
HIST_02489,PLFS_2026,Trichy,E105,2024-09-01,42,Male,Post Graduate,Employed,2,50,41236,False,
HIST_02490,PLFS_2026,Madurai,E104,2024-03-01,25,Female,Graduate,Employed,2,50,26686,False,
HIST_02491,PLFS_2026,Coimbatore,E107,2025-03-01,57,Female,Secondary,Self-Employed,4,41,17963,False,
HIST_02492,PLFS_2026,Trichy,E101,2025-10-01,38,Male,Higher Secondary,Unemployed,3,0,0,False,
HIST_02493,PLFS_2026,Coimbatore,E104,2024-09-01,48,Male,Higher Secondary,Self-Employed,4,57,19616,False,
HIST_02494,PLFS_2026,Madurai,E104,2025-11-01,58,Female,Below Primary,Self-Employed,2,36,7776,False,
HIST_02495,PLFS_2026,Chennai,E107,2025-06-01,32,Female,Secondary,Unemployed,3,0,0,False,
HIST_02496,PLFS_2026,Chennai,E105,2024-12-01,23,Male,Post Graduate,Employed,3,42,24502,False,
HIST_02497,PLFS_2026,Coimbatore,E103,2024-12-01,26,Female,Post Graduate,Employed,2,56,39455,False,
HIST_02498,PLFS_2026,Salem,E106,2025-02-01,45,Male,Post Graduate,Employed,2,54,47888,False,
HIST_02499,PLFS_2026,Coimbatore,E106,2024-10-01,18,Male,Graduate,Unemployed,3,0,0,False,
HIST_02500,PLFS_2026,Coimbatore,E106,2025-02-01,29,Male,Post Graduate,Employed,3,40,38839,False,
HIST_02501,PLFS_2026,Madurai,E106,2024-12-01,52,Female,Graduate,Self-Employed,2,53,23622,False,
HIST_02502,PLFS_2026,Madurai,E101,2024-11-01,27,Male,Post Graduate,Employed,5,52,44470,False,
HIST_02503,PLFS_2026,Madurai,E103,2024-07-01,22,Female,Below Primary,Self-Employed,3,51,12099,False,
HIST_02504,PLFS_2026,Chennai,E101,2025-05-01,25,Male,Post Graduate,Employed,4,39,51638,False,
HIST_02505,PLFS_2026,Trichy,E103,2025-12-01,56,Male,Higher Secondary,Employed,4,55,22285,False,
HIST_02506,PLFS_2026,Salem,E106,2025-06-01,47,Female,Post Graduate,Unemployed,5,0,0,False,
HIST_02507,PLFS_2026,Coimbatore,E104,2025-07-01,18,Female,Graduate,Unemployed,3,0,0,False,
HIST_02508,PLFS_2026,Chennai,E104,2025-09-01,44,Female,Secondary,Self-Employed,3,29,16217,False,
HIST_02509,PLFS_2026,Madurai,E101,2025-05-01,34,Male,Graduate,Employed,3,49,39119,False,
HIST_02510,PLFS_2026,Chennai,E105,2024-08-01,39,Female,Higher Secondary,Self-Employed,3,42,22547,False,
HIST_02511,PLFS_2026,Trichy,E102,2024-07-01,28,Male,Below Primary,Employed,4,48,12503,False,
HIST_02512,PLFS_2026,Chennai,E104,2024-06-01,43,Male,Below Primary,Employed,4,30,13528,False,
HIST_02513,PLFS_2026,Chennai,E107,2024-12-01,29,Female,Below Primary,Unemployed,2,0,0,False,
HIST_02514,PLFS_2026,Salem,E106,2025-01-01,35,Female,Secondary,Employed,1,48,12817,False,
HIST_02515,PLFS_2026,Trichy,E108,2025-09-01,39,Male,Graduate,Self-Employed,4,52,37977,False,
HIST_02516,PLFS_2026,Coimbatore,E106,2024-12-01,21,Male,Higher Secondary,Unemployed,3,0,0,False,
HIST_02517,PLFS_2026,Coimbatore,E102,2025-02-01,40,Female,Graduate,Self-Employed,3,41,21747,False,
HIST_02518,PLFS_2026,Coimbatore,E101,2025-04-01,49,Male,Graduate,Employed,4,52,26261,False,
HIST_02519,PLFS_2026,Chennai,E102,2024-08-01,30,Male,Graduate,Employed,2,47,22177,False,
HIST_02520,PLFS_2026,Salem,E104,2025-08-01,60,Female,Below Primary,Employed,2,47,15760,False,
HIST_02521,PLFS_2026,Trichy,E108,2024-07-01,45,Female,Below Primary,Employed,4,37,8683,False,
HIST_02522,PLFS_2026,Madurai,E101,2025-05-01,47,Female,Below Primary,Employed,5,41,9266,False,
HIST_02523,PLFS_2026,Coimbatore,E105,2025-11-01,18,Female,Post Graduate,Unemployed,2,0,0,False,
HIST_02524,PLFS_2026,Chennai,E105,2025-07-01,46,Male,Post Graduate,Employed,4,41,33567,False,
HIST_02525,PLFS_2026,Coimbatore,E105,2024-06-01,54,Male,Higher Secondary,Unemployed,4,0,0,False,
HIST_02526,PLFS_2026,Coimbatore,E102,2025-10-01,27,Male,Below Primary,Employed,3,49,11742,False,
HIST_02527,PLFS_2026,Coimbatore,E104,2024-01-01,37,Female,Secondary,Self-Employed,5,39,24711,False,
HIST_02528,PLFS_2026,Chennai,E105,2024-06-01,29,Male,Higher Secondary,Self-Employed,4,42,22543,False,
HIST_02529,PLFS_2026,Trichy,E108,2024-08-01,43,Female,Below Primary,Employed,4,38,9305,False,
HIST_02530,PLFS_2026,Madurai,E103,2025-12-01,65,Male,Graduate,Employed,3,50,18997,False,
HIST_02531,PLFS_2026,Coimbatore,E101,2025-11-01,34,Female,Post Graduate,Employed,3,48,17309,False,
HIST_02532,PLFS_2026,Coimbatore,E101,2024-09-01,39,Female,Post Graduate,Unemployed,2,0,0,False,
HIST_02533,PLFS_2026,Chennai,E102,2024-03-01,27,Female,Higher Secondary,Employed,3,36,19907,False,
HIST_02534,PLFS_2026,Trichy,E104,2024-05-01,23,Male,Below Primary,Employed,1,53,8889,False,
HIST_02535,PLFS_2026,Trichy,E103,2025-10-01,35,Male,Graduate,Unemployed,4,0,0,False,
HIST_02536,PLFS_2026,Trichy,E106,2025-06-01,40,Female,Graduate,Employed,5,35,27159,False,
HIST_02537,PLFS_2026,Madurai,E107,2024-04-01,18,Male,Secondary,Employed,3,45,14923,False,
HIST_02538,PLFS_2026,Salem,E103,2025-12-01,32,Female,Below Primary,Employed,2,45,14533,False,
HIST_02539,PLFS_2026,Trichy,E101,2024-04-01,24,Female,Post Graduate,Employed,3,49,47211,False,
HIST_02540,PLFS_2026,Salem,E103,2024-11-01,20,Male,Graduate,Self-Employed,3,47,27428,False,
HIST_02541,PLFS_2026,Madurai,E108,2025-04-01,18,Female,Secondary,Employed,4,57,18419,False,
HIST_02542,PLFS_2026,Coimbatore,E102,2024-05-01,25,Male,Post Graduate,Employed,3,59,44915,False,
HIST_02543,PLFS_2026,Chennai,E108,2025-05-01,45,Male,Post Graduate,Employed,4,39,36475,False,
HIST_02544,PLFS_2026,Coimbatore,E106,2024-08-01,37,Female,Graduate,Employed,4,57,34262,False,
HIST_02545,PLFS_2026,Coimbatore,E101,2024-11-01,20,Female,Below Primary,Employed,4,50,13485,False,
HIST_02546,PLFS_2026,Salem,E107,2025-03-01,30,Male,Secondary,Employed,7,34,14100,False,
HIST_02547,PLFS_2026,Trichy,E107,2025-09-01,40,Male,Secondary,Employed,6,38,17043,False,
HIST_02548,PLFS_2026,Salem,E108,2024-03-01,50,Female,Post Graduate,Employed,3,42,42298,False,
HIST_02549,PLFS_2026,Chennai,E102,2025-11-01,41,Male,Below Primary,Employed,5,55,12736,False,
HIST_02550,PLFS_2026,Coimbatore,E105,2025-03-01,41,Female,Higher Secondary,Self-Employed,4,48,22242,False,
HIST_02551,PLFS_2026,Trichy,E106,2024-10-01,37,Female,Post Graduate,Employed,5,57,26542,False,
HIST_02552,PLFS_2026,Trichy,E103,2025-04-01,38,Female,Below Primary,Unemployed,3,0,0,False,
HIST_02553,PLFS_2026,Salem,E102,2024-09-01,46,Female,Higher Secondary,Self-Employed,3,29,17753,False,
HIST_02554,PLFS_2026,Trichy,E104,2024-11-01,48,Female,Secondary,Employed,1,54,19876,False,
HIST_02555,PLFS_2026,Salem,E105,2024-07-01,53,Female,Post Graduate,Unemployed,3,0,0,False,
HIST_02556,PLFS_2026,Salem,E105,2025-08-01,53,Female,Secondary,Self-Employed,5,39,18312,False,
HIST_02557,PLFS_2026,Madurai,E105,2024-07-01,31,Female,Post Graduate,Employed,2,52,28898,False,
HIST_02558,PLFS_2026,Madurai,E108,2025-07-01,27,Male,Below Primary,Unemployed,2,0,0,False,
HIST_02559,PLFS_2026,Salem,E104,2024-07-01,51,Female,Secondary,Self-Employed,3,32,21023,False,
HIST_02560,PLFS_2026,Coimbatore,E106,2024-08-01,58,Female,Graduate,Unemployed,3,0,0,False,
HIST_02561,PLFS_2026,Trichy,E108,2025-06-01,57,Female,Secondary,Employed,3,34,20273,False,
HIST_02562,PLFS_2026,Chennai,E105,2024-04-01,47,Female,Post Graduate,Self-Employed,4,40,45557,False,
HIST_02563,PLFS_2026,Chennai,E102,2024-07-01,44,Female,Graduate,Employed,3,45,20430,False,
HIST_02564,PLFS_2026,Trichy,E105,2025-05-01,46,Female,Secondary,Employed,3,41,17881,False,
HIST_02565,PLFS_2026,Coimbatore,E108,2025-08-01,38,Male,Graduate,Employed,5,49,27124,False,
HIST_02566,PLFS_2026,Salem,E102,2024-05-01,47,Male,Below Primary,Employed,4,41,11700,False,
HIST_02567,PLFS_2026,Chennai,E101,2024-03-01,36,Female,Below Primary,Employed,4,42,11063,False,
HIST_02568,PLFS_2026,Salem,E103,2024-04-01,61,Female,Secondary,Employed,5,38,20055,False,
HIST_02569,PLFS_2026,Trichy,E101,2024-01-01,39,Male,Higher Secondary,Self-Employed,4,46,27234,False,
HIST_02570,PLFS_2026,Salem,E105,2025-02-01,42,Male,Secondary,Employed,3,53,18839,False,
HIST_02571,PLFS_2026,Trichy,E105,2025-06-01,39,Female,Secondary,Employed,4,44,18033,False,
HIST_02572,PLFS_2026,Trichy,E106,2024-08-01,30,Male,Graduate,Employed,3,37,20204,False,
HIST_02573,PLFS_2026,Trichy,E101,2024-06-01,27,Male,Post Graduate,Unemployed,3,0,0,False,
HIST_02574,PLFS_2026,Salem,E108,2024-04-01,18,Male,Secondary,Self-Employed,6,53,19604,False,
HIST_02575,PLFS_2026,Madurai,E104,2025-03-01,60,Male,Secondary,Self-Employed,2,60,14525,False,
HIST_02576,PLFS_2026,Salem,E102,2024-01-01,40,Male,Higher Secondary,Employed,2,45,23699,False,
HIST_02577,PLFS_2026,Trichy,E107,2025-03-01,36,Male,Secondary,Employed,4,45,16119,False,
HIST_02578,PLFS_2026,Chennai,E107,2025-11-01,31,Female,Graduate,Employed,5,39,33126,False,
HIST_02579,PLFS_2026,Coimbatore,E107,2024-01-01,52,Female,Secondary,Self-Employed,1,54,25417,False,
HIST_02580,PLFS_2026,Coimbatore,E107,2025-05-01,41,Female,Higher Secondary,Employed,4,53,20787,False,
HIST_02581,PLFS_2026,Trichy,E107,2025-03-01,40,Male,Higher Secondary,Employed,2,46,24191,False,
HIST_02582,PLFS_2026,Chennai,E107,2024-06-01,44,Female,Secondary,Employed,5,38,16082,False,
HIST_02583,PLFS_2026,Salem,E107,2024-09-01,60,Male,Higher Secondary,Self-Employed,3,46,21705,False,
HIST_02584,PLFS_2026,Coimbatore,E108,2024-01-01,28,Male,Below Primary,Employed,6,40,9294,False,
HIST_02585,PLFS_2026,Chennai,E107,2025-07-01,32,Female,Higher Secondary,Employed,1,39,17740,False,
HIST_02586,PLFS_2026,Coimbatore,E107,2025-12-01,45,Female,Graduate,Employed,3,52,35831,False,
HIST_02587,PLFS_2026,Salem,E106,2024-08-01,47,Female,Higher Secondary,Self-Employed,3,46,15290,False,
HIST_02588,PLFS_2026,Salem,E108,2024-06-01,36,Male,Secondary,Self-Employed,2,50,27261,False,
HIST_02589,PLFS_2026,Trichy,E104,2024-02-01,43,Female,Higher Secondary,Employed,1,42,22538,False,
HIST_02590,PLFS_2026,Madurai,E102,2025-11-01,39,Male,Below Primary,Unemployed,3,0,0,False,
HIST_02591,PLFS_2026,Trichy,E101,2024-09-01,26,Male,Post Graduate,Self-Employed,4,36,42090,False,
HIST_02592,PLFS_2026,Coimbatore,E103,2024-10-01,21,Male,Graduate,Employed,6,38,26747,False,
HIST_02593,PLFS_2026,Madurai,E104,2025-02-01,41,Female,Secondary,Employed,3,46,20071,False,
HIST_02594,PLFS_2026,Madurai,E102,2025-08-01,49,Male,Post Graduate,Unemployed,5,0,0,False,
HIST_02595,PLFS_2026,Madurai,E105,2025-06-01,65,Female,Graduate,Self-Employed,5,37,28559,False,
HIST_02596,PLFS_2026,Madurai,E101,2024-07-01,33,Male,Below Primary,Self-Employed,3,35,11011,False,
HIST_02597,PLFS_2026,Salem,E103,2025-06-01,59,Male,Graduate,Employed,4,25,34813,False,
HIST_02598,PLFS_2026,Salem,E103,2024-05-01,51,Male,Secondary,Self-Employed,3,50,14906,False,
HIST_02599,PLFS_2026,Salem,E103,2024-09-01,32,Male,Post Graduate,Employed,5,42,23790,False,
HIST_02600,PLFS_2026,Chennai,E107,2024-05-01,37,Male,Below Primary,Employed,3,54,12034,False,
HIST_02601,PLFS_2026,Madurai,E104,2025-08-01,32,Female,Post Graduate,Self-Employed,5,45,32299,False,
HIST_02602,PLFS_2026,Coimbatore,E104,2025-03-01,51,Male,Below Primary,Unemployed,4,0,0,False,
HIST_02603,PLFS_2026,Madurai,E101,2024-03-01,25,Female,Secondary,Employed,3,45,17299,False,
HIST_02604,PLFS_2026,Coimbatore,E108,2025-10-01,53,Female,Post Graduate,Employed,4,51,38071,False,
HIST_02605,PLFS_2026,Coimbatore,E108,2025-09-01,50,Female,Post Graduate,Employed,4,45,37899,False,
HIST_02606,PLFS_2026,Coimbatore,E105,2025-05-01,26,Female,Secondary,Employed,4,44,16192,False,
HIST_02607,PLFS_2026,Coimbatore,E103,2024-02-01,51,Male,Below Primary,Employed,2,41,14466,False,
HIST_02608,PLFS_2026,Salem,E105,2024-04-01,41,Female,Graduate,Employed,3,47,29004,False,
HIST_02609,PLFS_2026,Salem,E101,2024-11-01,19,Female,Secondary,Self-Employed,3,57,15626,False,
HIST_02610,PLFS_2026,Madurai,E107,2025-09-01,34,Male,Graduate,Self-Employed,3,44,24734,False,
HIST_02611,PLFS_2026,Madurai,E105,2025-01-01,43,Male,Secondary,Employed,4,51,14216,False,
HIST_02612,PLFS_2026,Madurai,E108,2024-09-01,33,Female,Graduate,Employed,3,48,23557,False,
HIST_02613,PLFS_2026,Coimbatore,E106,2024-07-01,48,Female,Secondary,Employed,5,37,16232,False,
HIST_02614,PLFS_2026,Chennai,E104,2024-05-01,31,Male,Higher Secondary,Employed,7,41,29381,False,
HIST_02615,PLFS_2026,Salem,E108,2025-01-01,22,Female,Below Primary,Employed,2,39,9970,False,
HIST_02616,PLFS_2026,Salem,E108,2024-02-01,34,Female,Below Primary,Employed,3,38,14780,False,
HIST_02617,PLFS_2026,Madurai,E105,2025-05-01,52,Male,Below Primary,Self-Employed,5,49,12222,False,
HIST_02618,PLFS_2026,Madurai,E105,2024-02-01,32,Male,Post Graduate,Employed,2,47,29080,False,
HIST_02619,PLFS_2026,Trichy,E106,2024-01-01,26,Female,Graduate,Employed,5,60,30202,False,
HIST_02620,PLFS_2026,Trichy,E108,2024-12-01,51,Female,Higher Secondary,Employed,3,34,24693,False,
HIST_02621,PLFS_2026,Trichy,E102,2025-03-01,44,Female,Graduate,Self-Employed,4,43,33388,False,
HIST_02622,PLFS_2026,Chennai,E102,2024-05-01,26,Female,Higher Secondary,Unemployed,2,0,0,False,
HIST_02623,PLFS_2026,Coimbatore,E105,2024-05-01,24,Male,Secondary,Employed,3,39,17061,False,
HIST_02624,PLFS_2026,Coimbatore,E105,2025-01-01,20,Male,Below Primary,Employed,4,54,12325,False,
HIST_02625,PLFS_2026,Chennai,E103,2024-07-01,56,Female,Post Graduate,Employed,5,51,38567,False,
HIST_02626,PLFS_2026,Madurai,E107,2025-06-01,38,Female,Secondary,Employed,4,41,11222,False,
HIST_02627,PLFS_2026,Chennai,E103,2024-02-01,43,Female,Graduate,Self-Employed,2,37,28001,False,
HIST_02628,PLFS_2026,Madurai,E108,2024-06-01,36,Female,Below Primary,Employed,2,46,14318,False,
HIST_02629,PLFS_2026,Coimbatore,E106,2025-08-01,24,Female,Graduate,Self-Employed,5,32,39857,False,
HIST_02630,PLFS_2026,Salem,E106,2025-09-01,33,Female,Post Graduate,Employed,4,29,37527,False,
HIST_02631,PLFS_2026,Trichy,E105,2025-08-01,40,Male,Secondary,Self-Employed,3,40,14592,False,
HIST_02632,PLFS_2026,Coimbatore,E108,2024-09-01,51,Female,Post Graduate,Employed,4,57,33998,False,
HIST_02633,PLFS_2026,Coimbatore,E101,2025-07-01,32,Female,Higher Secondary,Employed,5,32,16660,False,
HIST_02634,PLFS_2026,Madurai,E104,2024-08-01,51,Male,Graduate,Self-Employed,2,30,38463,False,
HIST_02635,PLFS_2026,Chennai,E106,2025-02-01,21,Female,Graduate,Employed,4,45,12260,False,
HIST_02636,PLFS_2026,Salem,E102,2024-08-01,34,Male,Post Graduate,Employed,4,47,44866,False,
HIST_02637,PLFS_2026,Chennai,E106,2024-02-01,33,Female,Graduate,Self-Employed,4,39,20101,False,
HIST_02638,PLFS_2026,Madurai,E107,2025-04-01,22,Male,Higher Secondary,Self-Employed,2,53,15335,False,
HIST_02639,PLFS_2026,Chennai,E105,2024-08-01,41,Female,Graduate,Self-Employed,3,44,35636,False,
HIST_02640,PLFS_2026,Coimbatore,E104,2025-01-01,32,Female,Secondary,Employed,4,45,17452,False,
HIST_02641,PLFS_2026,Trichy,E103,2024-11-01,65,Male,Post Graduate,Employed,2,55,42988,False,
HIST_02642,PLFS_2026,Coimbatore,E102,2024-04-01,32,Male,Below Primary,Self-Employed,6,30,10747,False,
HIST_02643,PLFS_2026,Chennai,E103,2025-06-01,23,Female,Graduate,Self-Employed,4,36,30425,False,
HIST_02644,PLFS_2026,Madurai,E101,2024-01-01,35,Female,Secondary,Employed,3,48,17032,False,
HIST_02645,PLFS_2026,Salem,E106,2025-10-01,24,Female,Post Graduate,Employed,7,41,21146,False,
HIST_02646,PLFS_2026,Madurai,E105,2024-11-01,27,Male,Below Primary,Self-Employed,2,51,12771,False,
HIST_02647,PLFS_2026,Chennai,E101,2025-08-01,42,Male,Secondary,Self-Employed,3,42,16664,False,
HIST_02648,PLFS_2026,Coimbatore,E108,2024-04-01,37,Female,Post Graduate,Employed,5,47,41800,False,
HIST_02649,PLFS_2026,Trichy,E102,2025-08-01,43,Female,Secondary,Employed,5,47,19291,False,
HIST_02650,PLFS_2026,Trichy,E105,2024-06-01,52,Male,Graduate,Unemployed,3,0,0,False,
HIST_02651,PLFS_2026,Salem,E101,2025-01-01,40,Female,Secondary,Unemployed,1,0,0,False,
HIST_02652,PLFS_2026,Coimbatore,E106,2025-05-01,51,Female,Higher Secondary,Unemployed,3,0,0,False,
HIST_02653,PLFS_2026,Coimbatore,E107,2024-08-01,54,Female,Higher Secondary,Employed,3,46,23295,False,
HIST_02654,PLFS_2026,Coimbatore,E103,2025-11-01,42,Male,Below Primary,Employed,3,55,7464,False,
HIST_02655,PLFS_2026,Trichy,E102,2024-05-01,32,Male,Graduate,Employed,4,48,35575,False,
HIST_02656,PLFS_2026,Chennai,E105,2024-11-01,52,Female,Post Graduate,Employed,3,55,32573,False,
HIST_02657,PLFS_2026,Coimbatore,E107,2025-02-01,49,Male,Post Graduate,Unemployed,6,0,0,False,
HIST_02658,PLFS_2026,Salem,E104,2025-04-01,34,Male,Higher Secondary,Employed,2,47,17093,False,
HIST_02659,PLFS_2026,Madurai,E106,2024-03-01,28,Male,Below Primary,Self-Employed,2,41,11932,False,
HIST_02660,PLFS_2026,Salem,E107,2024-06-01,41,Female,Graduate,Unemployed,3,0,0,False,
HIST_02661,PLFS_2026,Coimbatore,E106,2025-03-01,28,Male,Higher Secondary,Unemployed,4,0,0,False,
HIST_02662,PLFS_2026,Coimbatore,E106,2025-07-01,33,Male,Below Primary,Self-Employed,2,43,12563,False,
HIST_02663,PLFS_2026,Madurai,E105,2025-02-01,33,Male,Graduate,Self-Employed,1,38,36145,False,
HIST_02664,PLFS_2026,Salem,E103,2024-02-01,55,Male,Secondary,Employed,2,50,13757,False,
HIST_02665,PLFS_2026,Coimbatore,E105,2024-07-01,54,Male,Graduate,Employed,4,52,18395,False,
HIST_02666,PLFS_2026,Chennai,E106,2025-11-01,46,Female,Post Graduate,Employed,3,51,44952,False,
HIST_02667,PLFS_2026,Chennai,E102,2025-04-01,38,Male,Secondary,Employed,3,51,17783,False,
HIST_02668,PLFS_2026,Trichy,E105,2025-05-01,27,Female,Post Graduate,Self-Employed,2,33,34121,False,
HIST_02669,PLFS_2026,Trichy,E104,2025-02-01,51,Male,Graduate,Self-Employed,4,40,32507,False,
HIST_02670,PLFS_2026,Trichy,E105,2025-06-01,28,Female,Below Primary,Employed,4,43,13869,False,
HIST_02671,PLFS_2026,Chennai,E107,2025-07-01,19,Male,Graduate,Self-Employed,2,31,26546,False,
HIST_02672,PLFS_2026,Coimbatore,E108,2025-08-01,52,Male,Higher Secondary,Self-Employed,3,40,25835,False,
HIST_02673,PLFS_2026,Madurai,E108,2024-09-01,50,Female,Below Primary,Self-Employed,3,50,9415,False,
HIST_02674,PLFS_2026,Trichy,E105,2025-01-01,54,Female,Below Primary,Employed,6,49,6997,False,
HIST_02675,PLFS_2026,Chennai,E104,2025-03-01,31,Male,Graduate,Employed,4,41,35124,False,
HIST_02676,PLFS_2026,Chennai,E102,2024-09-01,45,Female,Below Primary,Employed,3,45,9854,False,
HIST_02677,PLFS_2026,Salem,E101,2025-04-01,35,Male,Post Graduate,Unemployed,3,0,0,False,
HIST_02678,PLFS_2026,Salem,E102,2024-08-01,20,Female,Post Graduate,Unemployed,1,0,0,False,
HIST_02679,PLFS_2026,Madurai,E104,2024-01-01,38,Female,Below Primary,Employed,4,56,12483,False,
HIST_02680,PLFS_2026,Madurai,E108,2024-01-01,35,Male,Secondary,Self-Employed,1,45,18256,False,
HIST_02681,PLFS_2026,Salem,E103,2025-10-01,45,Female,Higher Secondary,Employed,3,41,15496,False,
HIST_02682,PLFS_2026,Coimbatore,E104,2025-12-01,18,Male,Higher Secondary,Employed,2,32,23481,False,
HIST_02683,PLFS_2026,Salem,E105,2025-06-01,31,Male,Below Primary,Self-Employed,3,37,4241,False,
HIST_02684,PLFS_2026,Chennai,E101,2024-08-01,56,Male,Higher Secondary,Self-Employed,2,41,15598,False,
HIST_02685,PLFS_2026,Chennai,E108,2024-11-01,49,Male,Post Graduate,Self-Employed,4,38,35019,False,
HIST_02686,PLFS_2026,Trichy,E108,2025-05-01,58,Male,Graduate,Unemployed,3,0,0,False,
HIST_02687,PLFS_2026,Salem,E102,2024-12-01,18,Male,Higher Secondary,Employed,3,47,26838,False,
HIST_02688,PLFS_2026,Madurai,E105,2025-12-01,18,Male,Post Graduate,Self-Employed,2,40,37973,False,
HIST_02689,PLFS_2026,Chennai,E102,2024-06-01,36,Male,Higher Secondary,Employed,3,48,18025,False,
HIST_02690,PLFS_2026,Trichy,E104,2025-04-01,49,Female,Below Primary,Employed,4,42,15842,False,
HIST_02691,PLFS_2026,Coimbatore,E107,2024-04-01,56,Female,Secondary,Employed,5,20,23684,False,
HIST_02692,PLFS_2026,Trichy,E108,2025-07-01,47,Male,Secondary,Self-Employed,6,54,23682,False,
HIST_02693,PLFS_2026,Coimbatore,E108,2025-01-01,48,Female,Higher Secondary,Employed,5,60,22952,False,
HIST_02694,PLFS_2026,Chennai,E101,2025-03-01,19,Male,Below Primary,Employed,3,48,12179,False,
HIST_02695,PLFS_2026,Chennai,E106,2025-09-01,23,Female,Graduate,Unemployed,1,0,0,False,
HIST_02696,PLFS_2026,Chennai,E106,2025-03-01,56,Male,Secondary,Self-Employed,5,53,17709,False,
HIST_02697,PLFS_2026,Trichy,E102,2025-07-01,18,Male,Graduate,Employed,3,42,25216,False,
HIST_02698,PLFS_2026,Trichy,E106,2024-04-01,38,Male,Higher Secondary,Employed,4,51,20776,False,
HIST_02699,PLFS_2026,Trichy,E107,2024-10-01,18,Male,Below Primary,Employed,3,45,14934,False,
HIST_02700,PLFS_2026,Salem,E103,2025-11-01,31,Female,Graduate,Self-Employed,4,47,28245,False,
HIST_02701,PLFS_2026,Salem,E106,2025-02-01,49,Male,Post Graduate,Employed,3,40,37909,False,
HIST_02702,PLFS_2026,Coimbatore,E105,2025-12-01,30,Female,Graduate,Employed,4,39,29267,False,
HIST_02703,PLFS_2026,Salem,E106,2024-06-01,36,Male,Secondary,Self-Employed,4,41,16779,False,
HIST_02704,PLFS_2026,Trichy,E102,2024-12-01,39,Male,Below Primary,Self-Employed,4,44,16092,False,
HIST_02705,PLFS_2026,Salem,E106,2024-04-01,26,Male,Post Graduate,Employed,3,32,40827,False,
HIST_02706,PLFS_2026,Chennai,E104,2024-02-01,24,Female,Higher Secondary,Self-Employed,3,42,23235,False,
HIST_02707,PLFS_2026,Trichy,E102,2025-11-01,31,Female,Post Graduate,Unemployed,3,0,0,False,
HIST_02708,PLFS_2026,Chennai,E107,2024-02-01,31,Female,Graduate,Employed,3,58,26683,False,
HIST_02709,PLFS_2026,Salem,E105,2025-12-01,29,Male,Secondary,Employed,3,40,15859,False,
HIST_02710,PLFS_2026,Trichy,E101,2024-04-01,22,Female,Below Primary,Employed,2,38,13419,False,
HIST_02711,PLFS_2026,Salem,E107,2025-06-01,33,Male,Higher Secondary,Employed,3,55,27698,False,
HIST_02712,PLFS_2026,Trichy,E104,2024-03-01,34,Female,Secondary,Employed,3,38,20493,False,
HIST_02713,PLFS_2026,Trichy,E102,2025-09-01,35,Male,Graduate,Employed,3,38,23689,False,
HIST_02714,PLFS_2026,Madurai,E103,2025-12-01,41,Male,Graduate,Employed,2,52,25010,False,
HIST_02715,PLFS_2026,Trichy,E105,2025-07-01,36,Male,Graduate,Employed,2,44,26161,False,
HIST_02716,PLFS_2026,Chennai,E107,2024-07-01,37,Female,Secondary,Self-Employed,5,46,15139,False,
HIST_02717,PLFS_2026,Salem,E106,2024-05-01,29,Female,Post Graduate,Employed,4,55,40142,False,
HIST_02718,PLFS_2026,Trichy,E105,2024-09-01,46,Male,Post Graduate,Self-Employed,4,56,23183,False,
HIST_02719,PLFS_2026,Chennai,E107,2024-09-01,46,Female,Below Primary,Self-Employed,5,34,9874,False,
HIST_02720,PLFS_2026,Coimbatore,E104,2025-12-01,27,Female,Secondary,Employed,3,41,18873,False,
HIST_02721,PLFS_2026,Trichy,E102,2025-10-01,48,Male,Secondary,Unemployed,5,0,0,False,
HIST_02722,PLFS_2026,Madurai,E104,2025-12-01,53,Male,Below Primary,Unemployed,4,0,0,False,
HIST_02723,PLFS_2026,Madurai,E104,2024-09-01,37,Male,Post Graduate,Employed,4,42,40042,False,
HIST_02724,PLFS_2026,Madurai,E102,2025-11-01,19,Male,Graduate,Employed,3,39,25903,False,
HIST_02725,PLFS_2026,Madurai,E108,2024-05-01,26,Male,Below Primary,Self-Employed,3,32,13316,False,
HIST_02726,PLFS_2026,Salem,E107,2025-01-01,37,Female,Graduate,Unemployed,1,0,0,False,
HIST_02727,PLFS_2026,Madurai,E104,2025-01-01,31,Female,Secondary,Self-Employed,3,44,19236,False,
HIST_02728,PLFS_2026,Madurai,E108,2025-04-01,20,Female,Graduate,Employed,4,38,27899,False,
HIST_02729,PLFS_2026,Chennai,E107,2025-03-01,37,Male,Below Primary,Self-Employed,3,36,11314,False,
HIST_02730,PLFS_2026,Chennai,E108,2025-05-01,57,Female,Secondary,Employed,2,58,17065,False,
HIST_02731,PLFS_2026,Salem,E103,2024-10-01,38,Female,Secondary,Employed,2,38,16189,False,
HIST_02732,PLFS_2026,Chennai,E108,2025-05-01,25,Male,Post Graduate,Employed,3,41,52065,False,
HIST_02733,PLFS_2026,Salem,E104,2025-03-01,24,Male,Higher Secondary,Self-Employed,4,46,17290,False,
HIST_02734,PLFS_2026,Coimbatore,E105,2024-06-01,46,Female,Secondary,Employed,3,25,20375,False,
HIST_02735,PLFS_2026,Madurai,E101,2024-08-01,24,Female,Graduate,Employed,2,50,26055,False,
HIST_02736,PLFS_2026,Trichy,E103,2024-04-01,49,Female,Higher Secondary,Employed,5,39,25490,False,
HIST_02737,PLFS_2026,Chennai,E105,2025-10-01,28,Female,Graduate,Employed,6,39,33746,False,
HIST_02738,PLFS_2026,Trichy,E102,2024-08-01,48,Female,Higher Secondary,Self-Employed,4,39,21333,False,
HIST_02739,PLFS_2026,Trichy,E103,2025-09-01,18,Female,Post Graduate,Employed,4,47,39014,False,
HIST_02740,PLFS_2026,Chennai,E106,2025-11-01,18,Female,Post Graduate,Employed,2,39,40216,False,
HIST_02741,PLFS_2026,Coimbatore,E104,2024-06-01,41,Male,Higher Secondary,Unemployed,3,0,0,False,
HIST_02742,PLFS_2026,Coimbatore,E105,2025-11-01,45,Female,Post Graduate,Employed,4,48,36616,False,
HIST_02743,PLFS_2026,Coimbatore,E106,2024-04-01,59,Female,Graduate,Unemployed,4,0,0,False,
HIST_02744,PLFS_2026,Madurai,E106,2024-02-01,47,Female,Higher Secondary,Employed,3,53,23680,False,
HIST_02745,PLFS_2026,Madurai,E106,2025-04-01,18,Male,Graduate,Self-Employed,4,41,31008,False,
HIST_02746,PLFS_2026,Chennai,E102,2024-04-01,49,Male,Secondary,Employed,4,58,17356,False,
HIST_02747,PLFS_2026,Chennai,E104,2025-03-01,45,Female,Post Graduate,Self-Employed,5,44,43918,False,
HIST_02748,PLFS_2026,Chennai,E102,2025-10-01,30,Female,Secondary,Employed,3,34,18869,False,
HIST_02749,PLFS_2026,Madurai,E104,2024-12-01,41,Male,Below Primary,Employed,5,51,11316,False,
HIST_02750,PLFS_2026,Trichy,E107,2024-04-01,23,Female,Post Graduate,Self-Employed,4,53,43739,False,
HIST_02751,PLFS_2026,Madurai,E102,2024-11-01,51,Male,Post Graduate,Employed,3,41,32399,False,
HIST_02752,PLFS_2026,Salem,E104,2024-02-01,37,Female,Higher Secondary,Employed,3,46,21431,False,
HIST_02753,PLFS_2026,Chennai,E108,2024-07-01,36,Female,Higher Secondary,Employed,2,52,22336,False,
HIST_02754,PLFS_2026,Trichy,E104,2025-07-01,35,Female,Below Primary,Employed,3,34,15139,False,
HIST_02755,PLFS_2026,Salem,E106,2025-03-01,44,Male,Below Primary,Unemployed,1,0,0,False,
HIST_02756,PLFS_2026,Trichy,E101,2025-10-01,39,Female,Secondary,Employed,6,46,12899,False,
HIST_02757,PLFS_2026,Madurai,E104,2025-12-01,42,Male,Secondary,Employed,4,40,20064,False,
HIST_02758,PLFS_2026,Madurai,E104,2024-05-01,18,Female,Graduate,Employed,5,37,22484,False,
HIST_02759,PLFS_2026,Coimbatore,E104,2025-08-01,36,Male,Below Primary,Employed,4,46,10217,False,
HIST_02760,PLFS_2026,Madurai,E106,2025-09-01,31,Female,Graduate,Employed,2,43,34020,False,
HIST_02761,PLFS_2026,Chennai,E103,2025-04-01,37,Female,Below Primary,Employed,5,56,10588,False,
HIST_02762,PLFS_2026,Chennai,E103,2025-10-01,35,Female,Below Primary,Employed,6,56,7986,False,
HIST_02763,PLFS_2026,Madurai,E104,2024-03-01,42,Male,Graduate,Employed,4,51,23828,False,
HIST_02764,PLFS_2026,Madurai,E103,2024-09-01,27,Female,Graduate,Employed,3,40,32565,False,
HIST_02765,PLFS_2026,Trichy,E104,2025-03-01,23,Female,Secondary,Unemployed,3,0,0,False,
HIST_02766,PLFS_2026,Coimbatore,E105,2024-11-01,53,Female,Post Graduate,Employed,3,42,41444,False,
HIST_02767,PLFS_2026,Chennai,E104,2025-01-01,55,Female,Graduate,Self-Employed,4,39,18934,False,
HIST_02768,PLFS_2026,Coimbatore,E102,2025-07-01,24,Male,Secondary,Self-Employed,4,39,18701,False,
HIST_02769,PLFS_2026,Madurai,E102,2025-06-01,31,Female,Graduate,Self-Employed,2,35,36749,False,
HIST_02770,PLFS_2026,Trichy,E103,2024-02-01,48,Male,Post Graduate,Self-Employed,6,49,34732,False,
HIST_02771,PLFS_2026,Madurai,E104,2024-02-01,53,Male,Secondary,Employed,3,46,17845,False,
HIST_02772,PLFS_2026,Chennai,E106,2025-05-01,18,Male,Higher Secondary,Employed,6,48,23451,False,
HIST_02773,PLFS_2026,Trichy,E103,2024-06-01,37,Male,Graduate,Employed,4,40,31452,False,
HIST_02774,PLFS_2026,Madurai,E103,2024-08-01,22,Male,Post Graduate,Employed,4,49,36490,False,
HIST_02775,PLFS_2026,Coimbatore,E102,2025-02-01,42,Male,Higher Secondary,Employed,2,37,23041,False,
HIST_02776,PLFS_2026,Salem,E106,2024-01-01,46,Male,Below Primary,Self-Employed,1,49,10696,False,
HIST_02777,PLFS_2026,Chennai,E101,2024-03-01,35,Female,Secondary,Self-Employed,2,38,21478,False,
HIST_02778,PLFS_2026,Trichy,E102,2024-03-01,38,Male,Graduate,Self-Employed,3,44,30739,False,
HIST_02779,PLFS_2026,Chennai,E108,2025-06-01,43,Female,Below Primary,Self-Employed,3,53,14329,False,
HIST_02780,PLFS_2026,Trichy,E101,2025-12-01,42,Male,Higher Secondary,Employed,4,50,23382,False,
HIST_02781,PLFS_2026,Chennai,E105,2024-10-01,50,Female,Secondary,Employed,5,36,14090,False,
HIST_02782,PLFS_2026,Madurai,E108,2024-10-01,29,Female,Post Graduate,Self-Employed,5,32,41000,False,
HIST_02783,PLFS_2026,Chennai,E103,2024-06-01,42,Female,Post Graduate,Unemployed,5,0,0,False,
HIST_02784,PLFS_2026,Chennai,E106,2025-01-01,26,Female,Below Primary,Employed,2,40,11561,False,
HIST_02785,PLFS_2026,Coimbatore,E101,2024-02-01,24,Male,Below Primary,Unemployed,5,0,0,False,
HIST_02786,PLFS_2026,Madurai,E107,2024-12-01,52,Female,Below Primary,Employed,5,39,12821,False,
HIST_02787,PLFS_2026,Trichy,E105,2025-05-01,22,Male,Graduate,Employed,5,44,25707,False,
HIST_02788,PLFS_2026,Chennai,E104,2025-02-01,23,Male,Higher Secondary,Employed,1,36,26896,False,
HIST_02789,PLFS_2026,Salem,E106,2025-10-01,33,Male,Higher Secondary,Employed,3,50,29944,False,
HIST_02790,PLFS_2026,Madurai,E107,2025-12-01,53,Male,Post Graduate,Unemployed,2,0,0,False,
HIST_02791,PLFS_2026,Coimbatore,E101,2025-02-01,65,Male,Secondary,Employed,4,34,21467,False,
HIST_02792,PLFS_2026,Trichy,E108,2025-08-01,36,Female,Below Primary,Self-Employed,3,52,12802,False,
HIST_02793,PLFS_2026,Trichy,E103,2024-05-01,23,Male,Below Primary,Employed,3,50,13224,False,
HIST_02794,PLFS_2026,Chennai,E102,2025-01-01,41,Female,Post Graduate,Employed,5,42,39357,False,
HIST_02795,PLFS_2026,Trichy,E101,2024-09-01,18,Female,Secondary,Employed,3,51,16594,False,
HIST_02796,PLFS_2026,Coimbatore,E108,2024-08-01,32,Male,Graduate,Unemployed,2,0,0,False,
HIST_02797,PLFS_2026,Madurai,E102,2025-01-01,47,Female,Secondary,Employed,1,43,16991,False,
HIST_02798,PLFS_2026,Chennai,E103,2025-11-01,34,Female,Post Graduate,Unemployed,3,0,0,False,
HIST_02799,PLFS_2026,Madurai,E105,2025-02-01,18,Female,Secondary,Employed,6,48,17847,False,
HIST_02800,PLFS_2026,Coimbatore,E103,2024-12-01,48,Female,Secondary,Employed,2,39,17564,False,
HIST_02801,PLFS_2026,Salem,E102,2025-03-01,54,Male,Graduate,Employed,3,48,24698,False,
HIST_02802,PLFS_2026,Coimbatore,E103,2024-12-01,43,Female,Higher Secondary,Self-Employed,6,52,21641,False,
HIST_02803,PLFS_2026,Chennai,E103,2025-01-01,46,Male,Higher Secondary,Employed,4,49,26892,False,
HIST_02804,PLFS_2026,Madurai,E105,2024-07-01,51,Male,Below Primary,Employed,3,50,11080,False,
HIST_02805,PLFS_2026,Salem,E107,2024-09-01,26,Female,Post Graduate,Employed,3,44,25371,False,
HIST_02806,PLFS_2026,Trichy,E101,2024-08-01,48,Male,Higher Secondary,Employed,1,66,28608,False,
HIST_02807,PLFS_2026,Trichy,E103,2024-09-01,34,Female,Secondary,Employed,4,47,15879,False,
HIST_02808,PLFS_2026,Chennai,E106,2024-02-01,40,Female,Below Primary,Self-Employed,3,44,12435,False,
HIST_02809,PLFS_2026,Salem,E104,2024-07-01,22,Male,Secondary,Self-Employed,4,46,18463,False,
HIST_02810,PLFS_2026,Salem,E104,2025-05-01,35,Female,Post Graduate,Employed,5,42,39727,False,
HIST_02811,PLFS_2026,Chennai,E107,2025-12-01,53,Male,Secondary,Self-Employed,3,46,17653,False,
HIST_02812,PLFS_2026,Chennai,E102,2025-11-01,52,Female,Post Graduate,Employed,3,55,37212,False,
HIST_02813,PLFS_2026,Chennai,E101,2025-08-01,27,Male,Secondary,Employed,4,42,20233,False,
HIST_02814,PLFS_2026,Madurai,E108,2024-07-01,18,Male,Graduate,Unemployed,4,0,0,False,
HIST_02815,PLFS_2026,Madurai,E101,2025-02-01,31,Male,Below Primary,Self-Employed,3,44,8718,False,
HIST_02816,PLFS_2026,Trichy,E108,2024-11-01,41,Female,Below Primary,Employed,5,47,13941,False,
HIST_02817,PLFS_2026,Trichy,E107,2025-06-01,51,Male,Below Primary,Self-Employed,5,59,10801,False,
HIST_02818,PLFS_2026,Madurai,E101,2024-01-01,29,Male,Higher Secondary,Self-Employed,5,50,25412,False,
HIST_02819,PLFS_2026,Chennai,E103,2025-08-01,60,Male,Secondary,Unemployed,4,0,0,False,
HIST_02820,PLFS_2026,Salem,E108,2025-09-01,63,Female,Higher Secondary,Unemployed,3,0,0,False,
HIST_02821,PLFS_2026,Trichy,E102,2025-12-01,30,Female,Below Primary,Self-Employed,3,40,8722,False,
HIST_02822,PLFS_2026,Madurai,E107,2024-12-01,28,Female,Secondary,Self-Employed,6,50,21333,False,
HIST_02823,PLFS_2026,Chennai,E105,2025-08-01,52,Male,Below Primary,Self-Employed,6,30,9048,False,
HIST_02824,PLFS_2026,Trichy,E105,2024-04-01,28,Female,Secondary,Employed,3,42,16390,False,
HIST_02825,PLFS_2026,Trichy,E108,2024-11-01,40,Male,Post Graduate,Employed,4,39,21465,False,
HIST_02826,PLFS_2026,Coimbatore,E104,2024-06-01,26,Male,Secondary,Unemployed,3,0,0,False,
HIST_02827,PLFS_2026,Trichy,E103,2024-03-01,32,Male,Graduate,Employed,2,43,21990,False,
HIST_02828,PLFS_2026,Salem,E107,2024-03-01,27,Male,Higher Secondary,Self-Employed,2,43,18187,False,
HIST_02829,PLFS_2026,Salem,E103,2025-05-01,48,Female,Below Primary,Self-Employed,4,44,10086,False,
HIST_02830,PLFS_2026,Chennai,E106,2024-08-01,42,Female,Graduate,Employed,4,46,36980,False,
HIST_02831,PLFS_2026,Chennai,E102,2024-04-01,43,Male,Graduate,Self-Employed,5,46,31783,False,
HIST_02832,PLFS_2026,Chennai,E101,2024-07-01,28,Male,Post Graduate,Self-Employed,3,47,40599,False,
HIST_02833,PLFS_2026,Salem,E107,2025-01-01,44,Male,Below Primary,Employed,5,33,9661,False,
HIST_02834,PLFS_2026,Coimbatore,E102,2024-11-01,40,Male,Below Primary,Self-Employed,3,72,13237,False,
HIST_02835,PLFS_2026,Madurai,E105,2024-11-01,37,Female,Below Primary,Self-Employed,3,41,12072,False,
HIST_02836,PLFS_2026,Trichy,E103,2025-02-01,39,Male,Graduate,Unemployed,3,0,0,False,
HIST_02837,PLFS_2026,Coimbatore,E107,2025-06-01,54,Male,Post Graduate,Employed,4,34,42092,False,
HIST_02838,PLFS_2026,Trichy,E105,2024-10-01,56,Male,Below Primary,Employed,5,50,15413,False,
HIST_02839,PLFS_2026,Trichy,E101,2025-05-01,38,Female,Secondary,Employed,4,39,19052,False,
HIST_02840,PLFS_2026,Madurai,E108,2025-10-01,53,Male,Graduate,Employed,3,38,28545,False,
HIST_02841,PLFS_2026,Madurai,E106,2025-08-01,35,Male,Below Primary,Employed,4,41,16124,False,
HIST_02842,PLFS_2026,Salem,E108,2025-11-01,22,Male,Post Graduate,Self-Employed,5,38,24350,False,
HIST_02843,PLFS_2026,Trichy,E106,2025-07-01,40,Male,Higher Secondary,Employed,3,36,14601,False,
HIST_02844,PLFS_2026,Madurai,E101,2025-11-01,37,Female,Higher Secondary,Employed,5,49,22249,False,
HIST_02845,PLFS_2026,Madurai,E107,2025-08-01,43,Female,Post Graduate,Employed,3,33,27201,False,
HIST_02846,PLFS_2026,Coimbatore,E105,2025-06-01,35,Female,Below Primary,Self-Employed,3,51,13817,False,
HIST_02847,PLFS_2026,Salem,E103,2025-06-01,45,Female,Post Graduate,Employed,3,33,41131,False,
HIST_02848,PLFS_2026,Trichy,E104,2024-05-01,44,Female,Post Graduate,Employed,1,38,32747,False,
HIST_02849,PLFS_2026,Chennai,E105,2025-07-01,39,Male,Secondary,Self-Employed,2,44,17242,False,
HIST_02850,PLFS_2026,Chennai,E103,2024-08-01,36,Female,Secondary,Self-Employed,3,39,14111,False,
HIST_02851,PLFS_2026,Coimbatore,E107,2025-07-01,42,Male,Graduate,Unemployed,4,0,0,False,
HIST_02852,PLFS_2026,Chennai,E108,2024-05-01,34,Female,Below Primary,Employed,5,39,7136,False,
HIST_02853,PLFS_2026,Coimbatore,E101,2025-09-01,42,Female,Secondary,Unemployed,4,0,0,False,
HIST_02854,PLFS_2026,Salem,E104,2025-05-01,37,Male,Higher Secondary,Unemployed,3,0,0,False,
HIST_02855,PLFS_2026,Trichy,E106,2025-09-01,40,Male,Post Graduate,Employed,4,43,35400,False,
HIST_02856,PLFS_2026,Trichy,E101,2024-10-01,24,Male,Higher Secondary,Self-Employed,3,18,19403,False,
HIST_02857,PLFS_2026,Chennai,E103,2025-11-01,37,Female,Higher Secondary,Employed,4,42,23529,False,
HIST_02858,PLFS_2026,Madurai,E107,2025-07-01,18,Female,Post Graduate,Unemployed,3,0,0,False,
HIST_02859,PLFS_2026,Coimbatore,E105,2024-03-01,35,Female,Post Graduate,Employed,5,47,38138,False,
HIST_02860,PLFS_2026,Coimbatore,E102,2024-07-01,37,Male,Post Graduate,Employed,3,40,41248,False,
HIST_02861,PLFS_2026,Coimbatore,E102,2025-10-01,21,Male,Secondary,Self-Employed,4,41,20972,False,
HIST_02862,PLFS_2026,Salem,E106,2024-04-01,49,Female,Secondary,Self-Employed,1,40,14920,False,
HIST_02863,PLFS_2026,Coimbatore,E103,2024-08-01,18,Female,Post Graduate,Employed,2,64,42632,False,
HIST_02864,PLFS_2026,Chennai,E101,2024-06-01,61,Female,Secondary,Employed,5,39,16625,False,
HIST_02865,PLFS_2026,Trichy,E107,2025-08-01,45,Female,Graduate,Employed,4,40,19544,False,
HIST_02866,PLFS_2026,Chennai,E102,2025-01-01,65,Male,Below Primary,Employed,3,42,12272,False,
HIST_02867,PLFS_2026,Madurai,E106,2024-01-01,35,Male,Below Primary,Employed,4,55,11701,False,
HIST_02868,PLFS_2026,Chennai,E105,2024-03-01,24,Female,Post Graduate,Employed,3,41,48821,False,
HIST_02869,PLFS_2026,Salem,E101,2025-03-01,52,Female,Secondary,Self-Employed,4,34,13586,False,
HIST_02870,PLFS_2026,Trichy,E104,2025-07-01,38,Female,Graduate,Unemployed,4,0,0,False,
HIST_02871,PLFS_2026,Chennai,E106,2024-08-01,30,Female,Higher Secondary,Employed,3,25,17154,False,
HIST_02872,PLFS_2026,Coimbatore,E108,2025-03-01,30,Female,Graduate,Employed,5,38,29010,False,
HIST_02873,PLFS_2026,Coimbatore,E103,2025-12-01,40,Female,Graduate,Unemployed,5,0,0,False,
HIST_02874,PLFS_2026,Trichy,E103,2024-12-01,32,Male,Post Graduate,Self-Employed,3,43,34701,False,
HIST_02875,PLFS_2026,Coimbatore,E108,2025-01-01,44,Male,Secondary,Employed,4,49,22533,False,
HIST_02876,PLFS_2026,Trichy,E102,2024-09-01,60,Male,Graduate,Self-Employed,4,53,26030,False,
HIST_02877,PLFS_2026,Trichy,E105,2024-03-01,52,Male,Secondary,Employed,5,53,18338,False,
HIST_02878,PLFS_2026,Madurai,E102,2024-05-01,29,Female,Higher Secondary,Unemployed,2,0,0,False,
HIST_02879,PLFS_2026,Madurai,E104,2024-12-01,34,Female,Below Primary,Employed,5,51,11319,False,
HIST_02880,PLFS_2026,Chennai,E108,2024-01-01,53,Male,Secondary,Unemployed,1,0,0,False,
HIST_02881,PLFS_2026,Chennai,E103,2024-01-01,28,Female,Below Primary,Employed,4,47,12945,False,
HIST_02882,PLFS_2026,Coimbatore,E104,2025-05-01,45,Female,Secondary,Employed,2,35,19426,False,
HIST_02883,PLFS_2026,Trichy,E106,2025-01-01,30,Male,Secondary,Employed,1,52,23022,False,
HIST_02884,PLFS_2026,Chennai,E105,2024-10-01,56,Female,Post Graduate,Employed,4,50,48410,False,
HIST_02885,PLFS_2026,Madurai,E106,2024-02-01,30,Male,Graduate,Employed,5,47,33116,False,
HIST_02886,PLFS_2026,Chennai,E102,2025-02-01,40,Female,Higher Secondary,Self-Employed,5,46,15470,False,
HIST_02887,PLFS_2026,Madurai,E108,2024-07-01,55,Female,Below Primary,Employed,2,55,11783,False,
HIST_02888,PLFS_2026,Trichy,E102,2024-05-01,52,Female,Graduate,Unemployed,5,0,0,False,
HIST_02889,PLFS_2026,Madurai,E103,2024-03-01,43,Male,Secondary,Unemployed,1,0,0,False,
HIST_02890,PLFS_2026,Coimbatore,E103,2024-04-01,40,Male,Higher Secondary,Employed,2,35,29061,False,
HIST_02891,PLFS_2026,Coimbatore,E103,2025-07-01,50,Female,Graduate,Self-Employed,3,46,26611,False,
HIST_02892,PLFS_2026,Trichy,E108,2024-08-01,44,Female,Secondary,Self-Employed,3,52,17088,False,
HIST_02893,PLFS_2026,Trichy,E104,2024-04-01,32,Male,Post Graduate,Unemployed,4,0,0,False,
HIST_02894,PLFS_2026,Salem,E107,2024-01-01,31,Female,Secondary,Employed,4,54,15410,False,
HIST_02895,PLFS_2026,Coimbatore,E101,2025-04-01,36,Female,Graduate,Unemployed,4,0,0,False,
HIST_02896,PLFS_2026,Chennai,E108,2025-04-01,44,Male,Graduate,Self-Employed,5,40,22720,False,
HIST_02897,PLFS_2026,Coimbatore,E104,2025-01-01,34,Male,Below Primary,Employed,2,49,9211,False,
HIST_02898,PLFS_2026,Chennai,E107,2025-06-01,65,Male,Below Primary,Unemployed,5,0,0,False,
HIST_02899,PLFS_2026,Madurai,E103,2024-08-01,18,Female,Higher Secondary,Unemployed,7,0,0,False,
HIST_02900,PLFS_2026,Chennai,E107,2025-10-01,18,Female,Below Primary,Self-Employed,4,36,12243,False,
HIST_02901,PLFS_2026,Trichy,E108,2024-04-01,31,Female,Graduate,Employed,2,38,29264,False,
HIST_02902,PLFS_2026,Chennai,E103,2024-03-01,22,Male,Higher Secondary,Employed,3,50,33450,False,
HIST_02903,PLFS_2026,Coimbatore,E101,2025-06-01,43,Female,Secondary,Employed,2,42,18113,False,
HIST_02904,PLFS_2026,Trichy,E105,2025-06-01,33,Male,Secondary,Employed,5,46,21268,False,
HIST_02905,PLFS_2026,Chennai,E106,2024-02-01,34,Male,Post Graduate,Employed,5,43,30618,False,
HIST_02906,PLFS_2026,Trichy,E105,2025-05-01,64,Female,Secondary,Employed,1,39,15742,False,
HIST_02907,PLFS_2026,Trichy,E106,2025-12-01,65,Male,Below Primary,Employed,6,56,11206,False,
HIST_02908,PLFS_2026,Coimbatore,E108,2024-02-01,65,Female,Below Primary,Employed,4,52,12431,False,
HIST_02909,PLFS_2026,Madurai,E104,2025-06-01,37,Female,Graduate,Employed,3,43,31407,False,
HIST_02910,PLFS_2026,Madurai,E103,2024-01-01,42,Female,Higher Secondary,Employed,3,57,8946,False,
HIST_02911,PLFS_2026,Chennai,E102,2025-12-01,44,Female,Graduate,Unemployed,4,0,0,False,
HIST_02912,PLFS_2026,Coimbatore,E107,2025-06-01,40,Male,Post Graduate,Employed,5,56,35715,False,
HIST_02913,PLFS_2026,Coimbatore,E108,2025-11-01,41,Male,Secondary,Employed,6,28,15515,False,
HIST_02914,PLFS_2026,Trichy,E104,2025-04-01,55,Male,Post Graduate,Employed,5,49,34590,False,
HIST_02915,PLFS_2026,Trichy,E101,2025-01-01,27,Male,Secondary,Employed,3,57,15737,False,
HIST_02916,PLFS_2026,Salem,E101,2025-10-01,39,Female,Graduate,Employed,3,51,24983,False,
HIST_02917,PLFS_2026,Trichy,E106,2025-10-01,36,Female,Post Graduate,Employed,1,32,38058,False,
HIST_02918,PLFS_2026,Chennai,E103,2024-09-01,22,Male,Higher Secondary,Self-Employed,6,28,18479,False,
HIST_02919,PLFS_2026,Salem,E105,2024-06-01,38,Female,Graduate,Employed,3,36,22635,False,
HIST_02920,PLFS_2026,Madurai,E103,2024-12-01,26,Female,Secondary,Unemployed,3,0,0,False,
HIST_02921,PLFS_2026,Madurai,E105,2025-01-01,52,Male,Secondary,Employed,4,53,7920,False,
HIST_02922,PLFS_2026,Trichy,E102,2024-11-01,34,Female,Secondary,Employed,5,40,24344,False,
HIST_02923,PLFS_2026,Salem,E103,2025-06-01,55,Female,Graduate,Employed,3,40,22323,False,
HIST_02924,PLFS_2026,Salem,E107,2024-06-01,30,Male,Graduate,Self-Employed,2,48,19846,False,
HIST_02925,PLFS_2026,Madurai,E104,2024-11-01,45,Female,Below Primary,Employed,4,31,15719,False,
HIST_02926,PLFS_2026,Trichy,E102,2025-06-01,44,Female,Higher Secondary,Employed,4,38,24738,False,
HIST_02927,PLFS_2026,Coimbatore,E105,2025-01-01,51,Female,Below Primary,Unemployed,3,0,0,False,
HIST_02928,PLFS_2026,Coimbatore,E105,2024-09-01,51,Male,Below Primary,Employed,4,49,7988,False,
HIST_02929,PLFS_2026,Trichy,E102,2025-10-01,42,Male,Below Primary,Self-Employed,3,38,16185,False,
HIST_02930,PLFS_2026,Trichy,E108,2024-06-01,35,Male,Secondary,Employed,2,42,13318,False,
HIST_02931,PLFS_2026,Salem,E104,2024-09-01,55,Male,Below Primary,Self-Employed,3,49,15254,False,
HIST_02932,PLFS_2026,Madurai,E107,2024-10-01,31,Male,Higher Secondary,Employed,4,36,32761,False,
HIST_02933,PLFS_2026,Chennai,E106,2024-11-01,49,Male,Below Primary,Employed,3,38,11726,False,
HIST_02934,PLFS_2026,Madurai,E106,2025-08-01,33,Male,Graduate,Employed,6,35,28754,False,
HIST_02935,PLFS_2026,Trichy,E102,2024-08-01,37,Female,Graduate,Self-Employed,3,44,27350,False,
HIST_02936,PLFS_2026,Chennai,E101,2025-08-01,48,Female,Secondary,Unemployed,4,0,0,False,
HIST_02937,PLFS_2026,Chennai,E105,2024-03-01,41,Male,Higher Secondary,Employed,1,50,28487,False,
HIST_02938,PLFS_2026,Coimbatore,E102,2025-11-01,26,Female,Post Graduate,Employed,3,40,47389,False,
HIST_02939,PLFS_2026,Madurai,E108,2024-01-01,39,Female,Higher Secondary,Employed,6,48,23066,False,
HIST_02940,PLFS_2026,Trichy,E106,2025-01-01,38,Male,Secondary,Self-Employed,5,31,18307,False,
HIST_02941,PLFS_2026,Trichy,E107,2025-02-01,37,Male,Higher Secondary,Self-Employed,4,43,17429,False,
HIST_02942,PLFS_2026,Trichy,E107,2025-03-01,38,Female,Higher Secondary,Employed,2,29,25199,False,
HIST_02943,PLFS_2026,Madurai,E103,2025-04-01,44,Female,Post Graduate,Employed,4,55,32945,False,
HIST_02944,PLFS_2026,Salem,E106,2025-12-01,20,Female,Higher Secondary,Self-Employed,3,42,18293,False,
HIST_02945,PLFS_2026,Salem,E105,2024-06-01,37,Male,Higher Secondary,Self-Employed,3,30,20058,False,
HIST_02946,PLFS_2026,Chennai,E102,2025-11-01,24,Female,Higher Secondary,Employed,4,39,26891,False,
HIST_02947,PLFS_2026,Chennai,E101,2024-02-01,57,Male,Higher Secondary,Employed,4,32,28622,False,
HIST_02948,PLFS_2026,Madurai,E104,2024-03-01,56,Male,Secondary,Unemployed,4,0,0,False,
HIST_02949,PLFS_2026,Chennai,E106,2024-11-01,18,Male,Secondary,Employed,3,58,12632,False,
HIST_02950,PLFS_2026,Salem,E108,2024-02-01,37,Male,Graduate,Employed,4,40,25516,False,
HIST_02951,PLFS_2026,Madurai,E102,2024-10-01,38,Female,Higher Secondary,Self-Employed,3,33,22946,False,
HIST_02952,PLFS_2026,Trichy,E107,2025-01-01,50,Female,Secondary,Employed,5,38,13495,False,
HIST_02953,PLFS_2026,Madurai,E107,2025-03-01,34,Female,Higher Secondary,Unemployed,6,0,0,False,
HIST_02954,PLFS_2026,Madurai,E101,2024-05-01,48,Female,Post Graduate,Self-Employed,4,45,43033,False,
HIST_02955,PLFS_2026,Madurai,E106,2024-10-01,31,Male,Below Primary,Employed,2,50,14970,False,
HIST_02956,PLFS_2026,Madurai,E102,2025-12-01,24,Male,Secondary,Self-Employed,5,58,17991,False,
HIST_02957,PLFS_2026,Madurai,E104,2025-08-01,28,Male,Below Primary,Unemployed,4,0,0,False,
HIST_02958,PLFS_2026,Trichy,E102,2024-02-01,43,Female,Below Primary,Self-Employed,1,33,12046,False,
HIST_02959,PLFS_2026,Trichy,E104,2025-02-01,37,Female,Graduate,Employed,4,60,28585,False,
HIST_02960,PLFS_2026,Trichy,E108,2024-12-01,45,Male,Post Graduate,Employed,2,51,33999,False,
HIST_02961,PLFS_2026,Coimbatore,E107,2025-05-01,38,Male,Graduate,Employed,3,53,20664,False,
HIST_02962,PLFS_2026,Madurai,E106,2025-04-01,18,Female,Higher Secondary,Employed,3,48,22669,False,
HIST_02963,PLFS_2026,Salem,E105,2025-04-01,52,Male,Graduate,Employed,4,40,14977,False,
HIST_02964,PLFS_2026,Trichy,E101,2024-11-01,35,Male,Post Graduate,Employed,5,41,38215,False,
HIST_02965,PLFS_2026,Coimbatore,E107,2025-10-01,43,Male,Below Primary,Employed,2,49,15929,False,
HIST_02966,PLFS_2026,Trichy,E103,2025-11-01,35,Female,Below Primary,Unemployed,2,0,0,False,
HIST_02967,PLFS_2026,Madurai,E102,2025-03-01,42,Male,Secondary,Employed,4,58,17301,False,
HIST_02968,PLFS_2026,Madurai,E103,2024-01-01,42,Female,Secondary,Employed,2,42,12509,False,
HIST_02969,PLFS_2026,Trichy,E104,2025-12-01,35,Female,Secondary,Self-Employed,3,47,15755,False,
HIST_02970,PLFS_2026,Coimbatore,E106,2025-10-01,39,Male,Higher Secondary,Employed,3,42,22353,False,
HIST_02971,PLFS_2026,Trichy,E103,2024-08-01,38,Male,Higher Secondary,Unemployed,4,0,0,False,
HIST_02972,PLFS_2026,Madurai,E104,2024-11-01,35,Female,Higher Secondary,Employed,3,42,30937,False,
HIST_02973,PLFS_2026,Coimbatore,E108,2025-12-01,27,Female,Secondary,Employed,3,41,17110,False,
HIST_02974,PLFS_2026,Coimbatore,E105,2024-08-01,34,Male,Post Graduate,Employed,4,31,45882,False,
HIST_02975,PLFS_2026,Salem,E108,2025-08-01,45,Male,Secondary,Self-Employed,2,26,14482,False,
HIST_02976,PLFS_2026,Trichy,E108,2024-01-01,35,Male,Post Graduate,Employed,7,49,24262,False,
HIST_02977,PLFS_2026,Chennai,E103,2024-02-01,29,Female,Secondary,Unemployed,3,0,0,False,
HIST_02978,PLFS_2026,Trichy,E108,2025-05-01,36,Female,Below Primary,Employed,3,36,12623,False,
HIST_02979,PLFS_2026,Salem,E103,2025-07-01,47,Male,Secondary,Employed,5,49,16209,False,
HIST_02980,PLFS_2026,Chennai,E103,2024-12-01,46,Female,Below Primary,Employed,4,46,10531,False,
HIST_02981,PLFS_2026,Madurai,E101,2024-02-01,32,Female,Post Graduate,Employed,4,64,40289,False,
HIST_02982,PLFS_2026,Coimbatore,E108,2024-12-01,30,Male,Higher Secondary,Unemployed,2,0,0,False,
HIST_02983,PLFS_2026,Salem,E103,2024-08-01,33,Female,Below Primary,Self-Employed,5,41,12626,False,
HIST_02984,PLFS_2026,Chennai,E104,2024-01-01,47,Female,Higher Secondary,Employed,3,39,29299,False,
HIST_02985,PLFS_2026,Coimbatore,E102,2025-07-01,49,Female,Below Primary,Employed,5,51,13102,False,
HIST_02986,PLFS_2026,Salem,E103,2024-07-01,62,Male,Below Primary,Self-Employed,4,49,8517,False,
HIST_02987,PLFS_2026,Trichy,E103,2025-12-01,28,Female,Below Primary,Employed,2,55,5873,False,
HIST_02988,PLFS_2026,Madurai,E108,2024-09-01,33,Male,Below Primary,Unemployed,1,0,0,False,
HIST_02989,PLFS_2026,Madurai,E101,2025-07-01,54,Female,Graduate,Employed,4,38,33969,False,
HIST_02990,PLFS_2026,Trichy,E108,2024-03-01,38,Male,Secondary,Employed,4,35,14435,False,
HIST_02991,PLFS_2026,Madurai,E103,2024-04-01,28,Male,Secondary,Employed,4,45,23558,False,
HIST_02992,PLFS_2026,Coimbatore,E107,2025-03-01,42,Male,Below Primary,Employed,1,47,8519,False,
HIST_02993,PLFS_2026,Chennai,E102,2024-04-01,26,Female,Graduate,Employed,2,39,20299,False,
HIST_02994,PLFS_2026,Madurai,E101,2024-04-01,40,Male,Graduate,Employed,2,47,40527,False,
HIST_02995,PLFS_2026,Salem,E108,2024-08-01,22,Male,Post Graduate,Unemployed,3,0,0,False,
HIST_02996,PLFS_2026,Madurai,E101,2024-10-01,45,Male,Graduate,Employed,4,45,32979,False,
HIST_02997,PLFS_2026,Madurai,E101,2025-10-01,65,Male,Graduate,Unemployed,6,0,0,False,
HIST_02998,PLFS_2026,Salem,E102,2024-05-01,33,Female,Secondary,Employed,2,48,13747,False,
HIST_02999,PLFS_2026,Salem,E101,2025-06-01,37,Female,Post Graduate,Employed,5,44,30808,False,
